issue,norm_year,norm_month,year,month,asof_basis,asof_raw,pop,d_pop,male,d_male,female,d_female,households,d_hh,file,note
164,2003,11,2003,11,末日,平成15年11月末日現在,1406,-7,683,-4,723,-3,587,0,Ooshika164.pdf,
165,2003,12,2003,12,末日,平成15年12月末日現在,1401,-5,681,-2,720,-3,584,-3,Ooshika165.pdf,
166,2004,3,2004,3,末日,平成16年03月末日現在,1383,-8,671,-5,712,-3,578,-4,Ooshika166.pdf,
167,2004,5,2004,5,末日,平成16年05月末日現在,1382,-3,670,-3,712,0,583,-1,Ooshika167.pdf,
168,2004,7,2004,7,01日,平成16年07月01日現在,1380,-2,671,1,709,-3,582,-1,Ooshika168.pdf,
169,2004,9,2004,10,1日,平成16年10月１日現在,1378,-1,668,-2,710,1,579,-1,Ooshika169.pdf,
170,2004,11,2004,12,1日,平成16年12月１日現在,1375,-2,669,0,706,-2,578,-1,Ooshika170.pdf,
171,2004,12,2005,1,1日,2005年1月1日現在,1375,0,669,0,706,0,579,1,Ooshika171.pdf,表紙画像から目視採録
172,2005,1,2005,2,1日,平成17年２月１日現在,1378,3,671,2,707,1,579,0,Ooshika172.pdf,
173,2005,2,2005,3,1日,平成17年３月１日現在,1361,-21,663,-9,698,-12,573,-7,Ooshika173.pdf,前月比不一致(印刷-21/実差-17)
174,2005,6,2005,7,1日,平成17年７月１日現在,1355,1,656,1,699,0,571,1,Ooshika174.pdf,
175,2005,9,2005,10,1日,平成17年10月１日現在,1353,2,654,1,699,1,572,1,Ooshika175.pdf,
176,2005,11,2005,12,1日,平成17年12月１日現在,1352,-2,652,-3,700,1,571,-2,Ooshika176.pdf,
177,2005,12,2006,1,1日,2006年1月1日現在,1347,-5,648,-4,699,-1,571,0,Ooshika177.pdf,表紙画像から目視採録
178,2006,2,2006,3,1日,平成18年３月１日現在,1336,-4,644,0,692,-4,568,-1,Ooshika178.pdf,
179,2006,3,2006,4,1日,平成18年４月１日現在,1321,-15,638,-6,683,-9,562,-6,Ooshika179.pdf,
180,2006,6,2006,7,1日,平成18年７月１日現在,1320,0,638,1,682,-1,561,-2,Ooshika180.pdf,
181,2006,8,2006,9,1日,2006年9月1日現在,1318,-1,637,-1,681,0,565,2,Ooshika181.pdf,表紙画像から目視採録
182,2006,9,2006,10,1日,2006年10月1日現在,1318,0,637,0,681,0,567,2,Ooshika182.pdf,表紙画像から目視採録
183,2006,11,2006,12,1日,2006年12月1日現在,1300,-10,627,-6,673,-4,561,-3,ooshika183.pdf,表紙画像から目視採録
184,2006,12,2007,1,1日,2007年1月1日現在,1297,-3,624,-3,673,0,560,-1,ooshika184.pdf,表紙画像から目視採録
185,2007,3,2007,4,1日,2007年4月1日現在,1298,1,622,-3,676,4,557,-5,ooshika185.pdf,表紙画像から目視採録
186,2007,5,2007,6,1日,平成19年６月１日現在,1295,-1,620,0,675,-1,560,0,ooshika186.pdf,
187,2007,6,2007,7,1日,2007年7月1日現在,1291,-4,618,-2,673,-2,559,-1,ooshika187.pdf,表紙画像から目視採録
188,2007,9,2007,10,1日,平成19年10月１日現在,1291,-4,618,-2,673,-2,559,-1,ooshika188.pdf,
189,2007,11,2007,12,1日,平成19年12月１日現在,1275,-4,610,-1,665,-3,554,-3,ooshika189.pdf,
190,2007,12,2008,1,1日,2008年1月1日現在,1271,-4,607,-3,664,-1,557,3,ooshika190.pdf,表紙画像から目視採録
191,2008,3,2008,4,1日,2008年4月1日現在,1259,-13,605,-4,654,-9,550,-5,ooshika191.pdf,表紙画像から目視採録
192,2008,6,2008,7,1日,2008年7月1日現在,1247,-1,597,1,650,-2,546,0,ooshika192.pdf,表紙画像から目視採録
193,2008,9,2008,10,1日,2008年10月1日現在,1247,1,597,0,650,1,547,0,ooshika193.pdf,表紙画像から目視採録
194,2008,11,2008,12,1日,平成20年12月１日現在,1246,-2,596,-1,650,-1,548,1,ooshika194.pdf,
195,2008,12,2009,1,1日,平成21年１月１日現在,1246,0,597,1,649,-1,547,-1,ooshika195.pdf,
196,2009,1,2009,2,1日,2009年2月1日現在,1243,-3,597,0,646,-3,547,0,ooshika196.pdf,表紙画像から目視採録
197,2009,3,2009,4,1日,2009年4月1日現在,1231,-9,590,-5,641,-4,547,2,ooshika197.pdf,表紙画像から目視採録
198,2009,5,2009,6,1日,平成21年６月１日現在,1226,-5,589,-3,637,-2,550,0,ooshika198.pdf,
199,2009,6,2009,7,1日,2009年7月1日現在,1222,-4,588,-1,634,-3,549,-1,ooshika199.pdf,表紙画像から目視採録
200,2009,9,2009,10,1日,2009年10月1日現在,1223,-1,590,0,633,-1,549,-2,ooshika200.pdf,表紙画像から目視採録
201,2009,11,2009,12,1日,2009年12月1日現在,1220,-4,589,-2,631,-2,550,0,ooshika201.pdf,表紙画像から目視採録
202,2009,12,2010,1,1日,2010年1月1日現在,1224,4,592,3,632,1,551,1,ooshika202.pdf,表紙画像から目視採録
203,2010,3,2010,4,1日,2010年4月1日現在,1209,-12,583,-4,626,-8,545,-3,ooshika203.pdf,表紙画像から目視採録
204,2010,5,2010,6,1日,2010年6月1日現在,1208,-3,583,-2,625,-1,547,-1,ooshika204.pdf,表紙画像から目視採録
205,2010,6,2010,7,1日,2010年7月1日現在,1204,-4,584,1,620,-5,547,0,ooshika205.pdf,表紙画像から目視採録
206,2010,9,2010,10,1日,2010年10月1日現在,1200,1,583,0,617,1,546,0,ooshika206.pdf,表紙画像から目視採録
207,2010,11,2010,12,1日,2010年12月1日現在,1193,-7,579,-3,614,-4,548,-1,ooshika207.pdf,表紙画像から目視採録
208,2010,12,2011,1,1日,2011年1月1日現在,1188,-5,576,-3,612,-2,548,0,ooshika208.pdf,表紙画像から目視採録
209,2011,3,2011,4,1日,2011年4月1日現在,1182,0,573,-2,609,2,544,-3,ooshika209.pdf,表紙画像から目視採録
210,2011,5,2011,6,1日,2011年6月1日現在,1184,-3,574,-1,610,-2,545,-1,ooshika210.pdf,表紙画像から目視採録
211,2011,6,2011,7,1日,2011年7月1日現在,1185,1,575,1,610,0,544,-1,ooshika211.pdf,表紙画像から目視採録
212,2011,9,2011,10,1日,2011年10月1日現在,1179,0,574,1,605,-1,542,1,ooshika212.pdf,表紙画像から目視採録
213,2011,11,2011,12,1日,2011年12月1日現在,1168,-5,570,-2,598,-3,537,-4,ooshika213.pdf,表紙画像から目視採録
214,2011,12,2012,1,1日,平成24年１月１日現在,1163,-5,566,-4,597,-1,534,-3,ooshika214.pdf,
215,2012,3,2012,4,1日,平成24年４月１日現在,1149,-8,558,-5,591,-3,533,-2,ooshika215.pdf,
216,2012,6,2012,7,1日,平成24年７月１日現在,1150,-3,565,1,585,-4,539,0,ooshika216.pdf,
217,2012,9,2012,10,1日,2012年10月1日現在,1148,-3,566,2,582,-5,535,-2,ooshika217.pdf,表紙画像から目視採録
218,2012,11,2012,12,1日,2012年12月1日現在,1151,-3,572,0,579,-3,533,-1,ooshika218.pdf,表紙画像から目視採録
219,2012,12,2013,1,1日,平成25年１月１日現在,1148,-3,569,-3,579,0,531,-2,ooshika219.pdf,
220,2013,2,2013,3,1日,平成25年３月１日現在,1147,-1,567,-1,580,0,530,-1,ooshika220.pdf,
221,2013,3,2013,4,1日,平成25年４月１日現在,1141,-6,566,-1,575,-5,526,-4,ooshika221.pdf,
222,2013,6,2013,7,1日,平成25年７月１日現在,1128,-4,554,-3,574,-1,522,-2,ooshika222.pdf,
223,2013,8,2013,9,1日,2013年9月1日現在,1131,1,556,1,575,0,523,1,,表紙画像から目視採録
224,2013,10,2013,11,1日,平成25年11月１日現在,1131,0,558,2,573,-2,523,1,ooshika224.pdf,
225,2013,12,2014,1,1日,2014年1月1日現在,1116,-12,549,-7,567,-5,519,-2,ooshika225.pdf,表紙画像から目視採録
226,2014,2,2014,3,1日,2014年3月1日現在,1115,0,547,0,568,0,520,0,ooshika226.pdf,表紙画像から目視採録
227,2014,3,2014,4,1日,2014年4月1日現在,1108,-7,540,-7,568,0,517,-3,ooshika227.pdf,表紙画像から目視採録
228,2014,6,2014,7,1日,2014年7月1日現在,1111,0,544,0,567,0,519,-1,ooshika228.pdf,表紙画像から目視採録
229,2014,8,2014,9,1日,2014年9月1日現在,1103,-2,540,-1,563,-1,517,-1,ooshika229.pdf,表紙画像から目視採録
230,2014,10,2014,11,1日,2014年11月1日現在,1102,-4,540,-1,562,-3,515,-3,ooshika230.pdf,表紙画像から目視採録
231,2014,12,2015,1,1日,平成27年1月１日現在,1087,-8,535,-1,552,-7,508,-4,ooshika231.pdf,
232,2015,2,2015,3,1日,2015年3月1日現在,1086,3,535,3,551,0,509,1,ooshika232.pdf,表紙画像から目視採録
233,2015,3,2015,4,1日,平成27年4月１日現在,1077,-9,527,-8,550,-1,509,0,ooshika233.pdf,
234,2015,6,2015,7,1日,平成27年７月１日現在,1065,-4,524,-1,541,-3,506,-1,ooshika234.pdf,
235,2015,8,2015,9,1日,平成27年9月１日現在,1063,-3,520,-3,543,0,506,-1,ooshika235.pdf,
236,2015,10,2015,11,1日,2015年11月1日現在,1067,4,523,2,544,2,508,2,ooshika236.pdf,表紙画像から目視採録
237,2015,12,2016,1,1日,2016年1月1日現在,1062,-5,522,0,540,-5,504,-3,ooshika237.pdf,表紙画像から目視採録
238,2016,2,2016,3,1日,2016年3月1日現在,1051,-7,516,-5,535,-2,503,-1,ooshika238.pdf,表紙画像から目視採録
239,2016,3,2016,4,1日,2016年4月1日現在,1054,3,513,-3,541,6,503,0,ooshika239.pdf,表紙画像から目視採録
240,2016,6,2016,7,1日,平成28年７月１日現在,1060,0,514,0,546,0,508,1,ooshika240.pdf,
241,2016,8,2016,9,1日,平成28年９月１日現在,1060,2,513,0,547,2,508,-1,ooshika241.pdf,
242,2016,10,2016,11,1日,2016年11月1日現在,1066,1,517,1,549,0,511,1,ooshika242.pdf,表紙画像から目視採録
243,2016,12,2017,1,1日,2017年1月1日現在,1064,-2,515,-1,549,-1,513,1,ooshika243.pdf,表紙画像から目視採録
244,2017,2,2017,3,1日,2017年3月1日現在,1054,-3,507,-3,547,1,508,-2,ooshika244.pdf,表紙画像から目視採録
245,2017,3,2017,4,1日,2017年4月1日現在,1053,-1,506,-1,547,0,502,-6,ooshika245.pdf,表紙画像から目視採録
246,2017,4,2017,5,1日,2017年5月1日現在,1046,-7,500,-6,546,-1,502,0,ooshika246.pdf,表紙画像から目視採録
247,2017,5,2017,6,1日,平成29年6月１日現在,1045,-1,500,0,545,-1,502,0,ooshika247.pdf,
248,2017,6,2017,7,1日,2017年7月1日現在,1044,-1,499,-1,545,0,503,1,ooshika248.pdf,表紙画像から目視採録
249,2017,7,2017,8,1日,平成29年8月１日現在,1041,-3,498,-1,543,-2,504,1,ooshika249.pdf,
250,2017,8,2017,9,1日,平成29年9月１日現在,1041,0,499,1,542,-1,505,1,ooshika250.pdf,
251,2017,9,2017,10,1日,平成29年10月１日現在,1041,0,500,1,541,-1,507,2,ooshika251.pdf,
252,2017,10,2017,11,1日,2017年11月1日現在,1044,3,501,1,543,2,507,0,ooshika252.pdf,表紙画像から目視採録
253,2017,11,2017,12,1日,平成29年12月１日現在,1039,-5,498,-3,541,-2,507,0,ooshika253.pdf,
254,2017,12,2018,1,1日,2018年1月1日現在,1041,2,501,3,540,-1,509,2,ooshika254.pdf,表紙画像から目視採録
255,2018,1,2018,2,1日,平成30年2月１日現在,1042,1,502,1,540,0,510,1,ooshika255.pdf,
256,2018,2,2018,3,1日,2018年3月1日現在,1040,-2,502,0,538,-2,510,0,ooshika256.pdf,表紙画像から目視採録
257,2018,3,2018,4,1日,2018年4月1日現在,1038,-2,503,1,535,-3,507,-3,ooshika257.pdf,表紙画像から目視採録
258,2018,4,2018,5,1日,2018年5月1日現在,1036,-2,501,-2,535,0,505,-2,ooshika258.pdf,表紙画像から目視採録
259,2018,5,2018,6,1日,2018年6月1日現在,1026,-10,495,-6,531,-4,501,-4,ooshika259.pdf,表紙画像から目視採録
260,2018,6,2018,7,1日,平成30年7月１日現在,1024,-2,494,-1,530,-1,499,-2,ooshika260.pdf,
261,2018,7,2018,8,1日,2018年8月1日現在,1020,-4,493,-1,527,-3,495,-4,ooshika261.pdf,表紙画像から目視採録
262,2018,8,2018,9,1日,2018年9月1日現在,1024,4,494,1,530,3,500,5,ooshika262.pdf,表紙画像から目視採録
263,2018,9,2018,10,1日,2018年10月1日現在,1019,-5,493,-1,526,-4,499,-1,ooshika263.pdf,表紙画像から目視採録
264,2018,10,2018,11,1日,平成30年11月１日現在,1015,-4,493,0,522,-4,498,-1,ooshika264.pdf,
265,2018,11,2018,12,1日,平成30年12月１日現在,1014,-1,493,0,521,-1,498,0,ooshika265.pdf,
266,2018,12,2019,1,1日,2019年1月1日現在,1008,-6,490,-3,518,-3,497,-1,ooshika266.pdf,表紙画像から目視採録
267,2019,1,2019,2,1日,2019年2月1日現在,1007,-1,488,-2,519,1,497,0,ooshika267.pdf,表紙画像から目視採録
268,2019,2,2019,3,1日,平成31年3月１日現在,1005,-2,488,0,517,-2,496,-1,ooshika268.pdf,
269,2019,3,2019,4,1日,平成31年4月１日現在,998,-7,487,-1,511,-6,497,1,ooshika269.pdf,
270,2019,4,2019,5,1日,令和元年5月１日現在,1010,12,494,7,516,5,500,3,ooshika270.pdf,
271,2019,5,2019,6,1日,令和元年6月１日現在,1012,2,495,1,517,1,499,-1,ooshika271.pdf,
272,2019,6,2019,7,1日,2019年7月1日現在,1012,0,495,0,517,0,498,-1,ooshika272.pdf,表紙画像から目視採録
273,2019,7,2019,8,1日,2019年8月1日現在,1009,-3,493,-2,516,-1,495,-3,ooshika273.pdf,表紙画像から目視採録
274,2019,8,2019,9,1日,2019年9月1日現在,1010,1,494,1,516,0,495,0,ooshika274.pdf,表紙画像から目視採録
275,2019,9,2019,10,1日,令和元年10月１日現在,1004,-6,489,-5,515,-1,493,-2,ooshika275.pdf,
276,2019,10,2019,11,1日,2019年11月1日現在,1007,3,492,3,515,0,496,3,ooshika276.pdf,表紙画像から目視採録
277,2019,11,2019,12,1日,令和元年12月１日現在,1004,-3,491,-1,513,-2,495,-1,ooshika277.pdf,
278,2019,12,2020,1,1日,令和２年1月１日現在,1000,-4,488,-3,512,-1,490,-5,ooshika278.pdf,
279,2020,1,2020,2,1日,令和2年2月１日現在,998,-2,487,-1,511,-1,490,0,ooshika279.pdf,
280,2020,2,2020,3,1日,2020年3月1日現在,997,-1,487,0,510,-1,490,0,ooshika280.pdf,表紙画像から目視採録
281,2020,3,2020,4,1日,2020年4月1日現在,992,-5,483,-4,509,-1,490,0,ooshika281.pdf,表紙画像から目視採録
282,2020,4,2020,5,1日,令和2年5月１日現在,992,0,484,1,508,-1,491,1,ooshika282.pdf,
283,2020,5,2020,6,1日,令和2年6月１日現在,996,4,485,1,511,3,492,1,ooshika283.pdf,
284,2020,6,2020,7,1日,2020年7月1日現在,995,-1,484,-1,511,0,491,-1,ooshika284.pdf,表紙画像から目視採録
285,2020,7,2020,8,1日,令和2年8月１日現在,993,-2,484,0,509,-2,491,0,ooshika285.pdf,
286,2020,8,2020,9,1日,2020年9月1日現在,990,-3,484,0,506,-3,490,-1,ooshika286.pdf,表紙画像から目視採録
287,2020,9,2020,10,1日,令和2年10月１日現在,988,-2,483,-1,505,-1,490,0,ooshika287.pdf,
288,2020,10,2020,11,1日,2020年11月1日現在,984,-4,481,-2,503,-2,486,-4,ooshika288.pdf,表紙画像から目視採録
289,2020,11,2020,12,1日,令和2年12月１日現在,977,-7,478,-3,499,-4,482,-4,ooshika289.pdf,
290,2020,12,2021,1,1日,令和３年１月１日現在,977,0,478,0,499,0,482,0,ooshika290.pdf,
291,2021,1,2021,2,1日,2021年2月1日現在,975,-2,479,1,496,-3,482,0,ooshika291.pdf,表紙画像から目視採録
292,2021,2,2021,3,1日,令和3年3月１日現在,970,-5,476,-3,494,-2,479,-3,ooshika292.pdf,
293,2021,3,2021,4,1日,令和3年4月１日現在,963,-7,477,1,486,-8,477,-2,ooshika293.pdf,
294,2021,4,2021,5,1日,令和3年5月１日現在,962,-1,473,-4,489,3,475,-2,ooshika294.pdf,
295,2021,5,2021,6,1日,2021年6月1日現在,955,-7,470,-3,485,-4,474,-1,ooshika295.pdf,表紙画像から目視採録
296,2021,6,2021,7,1日,令和3年7月１日現在,955,0,469,-1,486,1,475,1,ooshika296.pdf,
297,2021,7,2021,8,1日,令和3年8月１日現在,953,-2,467,-2,486,0,475,0,ooshika297.pdf,
298,2021,8,2021,9,1日,令和3年9月１日現在,949,-4,465,-2,484,-2,474,-1,ooshika298.pdf,
299,2021,9,2021,10,1日,令和3年10月１日現在,952,3,466,1,486,2,477,3,ooshika299.pdf,
300,2021,10,2021,11,1日,令和3年11月１日現在,947,-5,463,-3,484,-2,474,-3,ooshika300.pdf,
301,2021,11,2021,12,1日,令和3年12月１日現在,944,-3,461,-2,483,-1,473,-1,ooshika301.pdf,
302,2021,12,2022,1,1日,令和４年１月１日現在,941,-3,462,1,479,-4,473,0,ooshika302.pdf,
303,2022,1,2022,2,1日,令和4年2月１日現在,942,1,460,-2,482,3,474,1,ooshika303.pdf,
304,2022,2,2022,3,1日,令和４年３月１日現在,942,0,459,-1,483,1,475,1,ooshika304.pdf,
305,2022,3,2022,4,1日,令和４年４月１日現在,937,-5,456,-3,481,-1,475,0,ooshika305.pdf,
306,2022,4,2022,5,1日,令和4年5月１日現在,934,-3,451,-5,483,2,474,-1,ooshika306.pdf,
307,2022,5,2022,6,1日,令和4年6月１日現在,939,5,453,2,486,3,475,1,ooshika307-1.pdf,
308,2022,6,2022,7,1日,令和４年７月１日現在,942,3,456,3,486,0,479,4,ooshika308.pdf,
309,2022,7,2022,8,1日,令和4年8月１日現在,938,-4,453,-3,485,-1,478,-1,ooshika309.pdf,
310,2022,8,2022,9,1日,令和４年９月１日現在,933,-5,448,-5,485,0,475,-3,ooshika310.pdf,
311,2022,9,2022,10,1日,令和4年10月１日現在,933,0,449,1,484,-1,475,0,ooshika311.pdf,
312,2022,10,2022,11,1日,令和４年11月１日現在,932,-1,449,0,483,-1,475,0,ooshika312.pdf,
313,2022,11,2022,12,1日,令和4年12月１日現在,930,-2,449,0,481,-2,475,0,ooshika313.pdf,
314,2022,12,2023,1,1日,令和5年1月１日現在,926,-4,448,-1,478,-3,472,-3,ooshika314.pdf,
315,2023,1,2023,2,1日,令和5年2月１日現在,923,-3,448,0,475,-3,472,0,ooshika315.pdf,
316,2023,2,2023,3,1日,令和5年3月１日現在,923,0,449,1,474,-1,473,1,ooshika316.pdf,
317,2023,3,2023,4,1日,令和5年4月１日現在,907,-16,443,-6,464,-10,467,-6,ooshika317.pdf,
318,2023,4,2023,5,1日,令和5年5月１日現在,899,-8,439,-4,460,-4,465,-2,ooshika318.pdf,
319,2023,5,2023,6,1日,令和5年6月１日現在,899,0,439,0,460,0,465,0,ooshika319.pdf,
320,2023,6,2023,7,1日,令和5年7月１日現在,896,-3,439,0,457,-3,464,1,ooshika320.pdf,
321,2023,7,2023,8,1日,令和5年8月１日現在,896,0,438,-1,458,1,463,-1,ooshika321.pdf,
322,2023,8,2023,9,1日,令和5年9月１日現在,896,0,436,-2,460,2,462,-1,ooshika322.pdf,
323,2023,9,2023,10,1日,令和5年10月１日現在,893,-3,433,-3,460,0,461,-1,ooshika323.pdf,
324,2023,10,2023,11,1日,令和5年11月１日現在,887,-6,431,-2,456,-4,458,-3,ooshika324.pdf,
325,2023,11,2023,12,1日,令和5年12月１日現在,887,0,431,0,456,0,457,-1,ooshika325.pdf,
326,2023,12,2024,1,1日,令和6年1月１日現在,887,0,432,1,455,-1,458,1,ooshika326.pdf,
327,2024,1,2024,2,1日,令和6年2月１日現在,883,-4,432,0,451,-4,456,-2,ooshika327.pdf,
328,2024,2,2024,3,1日,令和6年3月１日現在,881,-2,430,-2,451,0,457,1,ooshika328.pdf,
329,2024,3,2024,4,1日,令和6年4月１日現在,880,-1,427,-3,453,2,458,1,ooshika329.pdf,
330,2024,4,2024,5,1日,令和6年5月１日現在,874,-6,426,-1,448,-5,456,-2,ooshika330.pdf,
331,2024,5,2024,6,1日,令和6年6月１日現在,870,-4,424,-2,446,-2,457,1,ooshika331.pdf,
332,2024,6,2024,7,1日,令和6年7月１日現在,873,3,426,2,447,1,460,3,ooshika332.pdf,
333,2024,7,2024,8,1日,令和6年8月１日現在,873,0,427,1,446,-1,460,0,ooshika333.pdf,
334,2024,8,2024,9,1日,令和6年9月１日現在,871,-2,425,-2,446,0,460,0,ooshika334.pdf,
335,2024,9,2024,10,1日,令和6年10月１日現在,875,4,431,6,444,-2,461,1,ooshika335.pdf,
336,2024,10,2024,11,1日,令和6年11月１日現在,875,0,432,1,443,-1,459,-2,ooshika336.pdf,
337,2024,11,2024,11,30日,令和6年11月30日現在,873,-2,431,-1,442,-1,458,-1,ooshika337.pdf,
338,2024,12,2024,12,31日,令和6年12月3１日現在,869,-4,430,-1,439,-3,455,-3,ooshika338.pdf,
339,2025,1,2025,1,31日,令和7年1月3１日現在,867,-2,427,-3,440,1,452,-3,ooshika339.pdf,
340,2025,2,2025,2,28日,令和7年2月28日現在,860,-7,422,-5,438,-2,451,-1,ooshika340.pdf,
341,2025,3,2025,3,31日,令和7年3月31日現在,853,-7,420,-2,433,-5,452,1,ooshika341.pdf,
342,2025,4,2025,4,30日,令和7年4月30日現在,855,2,421,1,434,1,454,2,ooshika342.pdf,
343,2025,5,2025,5,31日,令和7年5月3１日現在,865,10,429,8,436,2,463,9,Ooshika343.pdf,
344,2025,6,2025,6,30日,令和７年６月30日現在,858,-7,426,-3,432,-4,461,-2,ooshika344.pdf,
345,2025,7,2025,7,31日,令和７年7月3１日現在,858,0,427,1,431,-1,461,0,ooshika345.pdf,
346,2025,8,2025,8,31日,令和７年8月3１日現在,861,3,429,2,432,1,459,-2,ooshika346.pdf,
347,2025,9,2025,9,30日,令和7 年9 月30日現在,861,0,430,1,431,-1,460,1,ooshika347.pdf,
348,2025,10,2025,10,31日,令和７年10月3１日現在,864,3,431,1,433,2,462,2,ooshika348.pdf,
349,2025,11,2025,11,30日,令和7年11月30日現在,860,-4,427,-4,433,0,462,0,ooshika349.pdf,
350,2025,12,2025,12,31日,令和7年12月3１日現在,840,-20,414,-13,426,-7,444,-18,ooshika350.pdf,
351,2026,1,2026,1,31日,令和8 年1 月31日現在,850,10,423,9,427,1,455,11,ooshika351.pdf,
352,2026,2,2026,2,28日,令和8年2月28日現在,851,1,424,1,427,0,455,0,ooshika352.pdf,
353,2026,3,2026,3,31日,令和8年3月31日現在,843,-8,425,1,418,-9,459,4,ooshika353.pdf,
354,2026,4,2026,4,30日,令和8年4月30日現在,832,-11,418,-7,414,-4,456,-3,ooshika354.pdf,
355,2026,5,2026,5,31日,令和8年5月3１日現在,834,2,421,3,413,-1,460,4,ooshika355.pdf,
356,2026,6,2026,6,30日,令和8年6月30日現在,832,-2,421,0,411,-2,459,-1,ooshika356.pdf,
357,2026,7,2026,7,31日,令和8年7月3１日現在,835,3,421,0,414,3,461,2,ooshika357.pdf,
