fy,issue,kind,page,category,amount_manyen,share_pct,source
2003,175,決算,,議会費,2574,1.2,紙面目視
2003,175,決算,,総務費,25249,11.7,紙面目視
2003,175,決算,,民生費,21764,10.1,紙面目視
2003,175,決算,,衛生費,22392,10.4,紙面目視
2003,175,決算,,農林水産業費,40616,18.8,紙面目視
2003,175,決算,,商工費,4377,2.0,紙面目視
2003,175,決算,,土木費,17567,8.1,紙面目視
2003,175,決算,,消防費,6799,3.1,紙面目視
2003,175,決算,,教育費,13925,6.4,紙面目視
2003,175,決算,,災害復旧費,9012,4.2,紙面目視
2003,175,決算,,公債費,40981,19.0,紙面目視
2003,175,決算,,諸支出金,10720,5.0,紙面目視
2004,166,当初予算,3,議会費,2652,1.4,自動抽出(A)
2004,166,当初予算,3,総務費,22774,11.8,自動抽出(A)
2004,166,当初予算,3,民生費,26241,13.6,自動抽出(A)
2004,166,当初予算,3,衛生費,27142,14.1,自動抽出(A)
2004,166,当初予算,3,農林水産業費,27299,14.1,自動抽出(A)
2004,166,当初予算,3,商工費,3355,1.7,自動抽出(A)
2004,166,当初予算,3,土木費,16073,8.3,自動抽出(A)
2004,166,当初予算,3,消防費,7720,4.0,自動抽出(A)
2004,166,当初予算,3,教育費,13428,7.0,自動抽出(A)
2004,166,当初予算,3,災害復旧費,1065,0.6,自動抽出(A)
2004,166,当初予算,3,公債費,43624,22.6,自動抽出(A)
2004,166,当初予算,3,諸支出金,627,0.3,自動抽出(A)
2004,166,当初予算,3,予備費,1000,0.5,自動抽出(A)
2004,175,決算,,議会費,2616,1.4,紙面目視
2004,175,決算,,総務費,22111,11.7,紙面目視
2004,175,決算,,民生費,24297,12.8,紙面目視
2004,175,決算,,衛生費,24933,13.2,紙面目視
2004,175,決算,,農林水産業費,24518,13.0,紙面目視
2004,175,決算,,商工費,3972,2.1,紙面目視
2004,175,決算,,土木費,19364,10.2,紙面目視
2004,175,決算,,消防費,7120,3.8,紙面目視
2004,175,決算,,教育費,12528,6.6,紙面目視
2004,175,決算,,災害復旧費,3104,1.6,紙面目視
2004,175,決算,,公債費,43298,22.9,紙面目視
2004,175,決算,,諸支出金,1226,0.6,紙面目視
2005,173,当初予算,,議会費,2653,1.3,紙面目視
2005,173,当初予算,,総務費,52180,26.5,紙面目視
2005,173,当初予算,,民生費,25161,12.8,紙面目視
2005,173,当初予算,,衛生費,18093,9.2,紙面目視
2005,173,当初予算,,農林水産業費,17718,9.0,紙面目視
2005,173,当初予算,,商工費,3974,2.0,紙面目視
2005,173,当初予算,,土木費,13522,6.9,紙面目視
2005,173,当初予算,,消防費,6307,3.2,紙面目視
2005,173,当初予算,,教育費,11112,5.6,紙面目視
2005,173,当初予算,,災害復旧費,0,0.0,紙面目視
2005,173,当初予算,,公債費,45031,22.9,紙面目視
2005,173,当初予算,,諸支出金,249,0.1,紙面目視
2005,173,当初予算,,予備費,1000,0.5,紙面目視
2005,188,決算,,議会費,2586,1.4,紙面目視
2005,188,決算,,総務費,37304,20.1,紙面目視
2005,188,決算,,民生費,24273,13.1,紙面目視
2005,188,決算,,衛生費,16170,8.7,紙面目視
2005,188,決算,,農林水産業費,17951,9.7,紙面目視
2005,188,決算,,商工費,4506,2.4,紙面目視
2005,188,決算,,土木費,13209,7.1,紙面目視
2005,188,決算,,消防費,6150,3.3,紙面目視
2005,188,決算,,教育費,10181,5.5,紙面目視
2005,188,決算,,災害復旧費,748,0.4,紙面目視
2005,188,決算,,公債費,44604,24.1,紙面目視
2005,188,決算,,諸支出金,7463,4.0,紙面目視
2006,179,当初予算,3,議会費,2605,1.5,自動抽出(A)
2006,179,当初予算,3,総務費,19985,11.9,自動抽出(A)
2006,179,当初予算,3,民生費,24685,14.7,自動抽出(A)
2006,179,当初予算,3,衛生費,14925,8.9,自動抽出(A)
2006,179,当初予算,3,農林水産業費,21257,12.6,自動抽出(A)
2006,179,当初予算,3,商工費,3954,2.4,自動抽出(A)
2006,179,当初予算,3,土木費,13714,8.2,自動抽出(A)
2006,179,当初予算,3,消防費,7782,4.6,自動抽出(A)
2006,179,当初予算,3,教育費,10854,6.5,自動抽出(A)
2006,179,当初予算,3,公債費,47137,28.0,自動抽出(A)
2006,179,当初予算,3,諸支出金,302,0.2,自動抽出(A)
2006,179,当初予算,3,予備費,1000,0.6,自動抽出(A)
2006,188,決算,,議会費,3005,1.7,紙面目視
2006,188,決算,,総務費,18370,10.2,紙面目視
2006,188,決算,,民生費,24278,13.4,紙面目視
2006,188,決算,,衛生費,15556,8.6,紙面目視
2006,188,決算,,農林水産業費,21825,12.1,紙面目視
2006,188,決算,,商工費,4272,2.4,紙面目視
2006,188,決算,,土木費,12724,7.0,紙面目視
2006,188,決算,,消防費,7380,4.1,紙面目視
2006,188,決算,,教育費,10123,5.6,紙面目視
2006,188,決算,,災害復旧費,5509,3.0,紙面目視
2006,188,決算,,公債費,46805,25.9,紙面目視
2006,188,決算,,諸支出金,10879,6.0,紙面目視
2007,185,当初予算,,議会費,2281,1.3,紙面目視
2007,185,当初予算,,総務費,23199,13.1,紙面目視
2007,185,当初予算,,民生費,25215,14.3,紙面目視
2007,185,当初予算,,衛生費,16469,9.3,紙面目視
2007,185,当初予算,,農林水産業費,19043,10.8,紙面目視
2007,185,当初予算,,商工費,4460,2.5,紙面目視
2007,185,当初予算,,土木費,20005,11.3,紙面目視
2007,185,当初予算,,消防費,6346,3.6,紙面目視
2007,185,当初予算,,教育費,12965,7.3,紙面目視
2007,185,当初予算,,災害復旧費,781,0.4,紙面目視
2007,185,当初予算,,公債費,44520,25.2,紙面目視
2007,185,当初予算,,諸支出金,216,0.1,紙面目視
2007,185,当初予算,,予備費,1000,0.6,紙面目視
2007,200,決算,,議会費,2151,1.1,紙面目視
2007,200,決算,,総務費,22705,11.1,紙面目視
2007,200,決算,,民生費,23489,11.5,紙面目視
2007,200,決算,,衛生費,20378,10.0,紙面目視
2007,200,決算,,農林水産業費,19944,9.8,紙面目視
2007,200,決算,,商工費,3789,1.9,紙面目視
2007,200,決算,,土木費,14965,7.3,紙面目視
2007,200,決算,,消防費,5937,2.9,紙面目視
2007,200,決算,,教育費,11845,5.8,紙面目視
2007,200,決算,,災害復旧費,19554,9.6,紙面目視
2007,200,決算,,公債費,44170,21.6,紙面目視
2007,200,決算,,諸支出金,15100,7.4,紙面目視
2008,191,当初予算,,議会費,2223,1.2,紙面目視
2008,191,当初予算,,総務費,24658,13.0,紙面目視
2008,191,当初予算,,民生費,35226,18.6,紙面目視
2008,191,当初予算,,衛生費,16012,8.5,紙面目視
2008,191,当初予算,,農林水産業費,20898,11.1,紙面目視
2008,191,当初予算,,商工費,7147,3.8,紙面目視
2008,191,当初予算,,土木費,18640,9.9,紙面目視
2008,191,当初予算,,消防費,6617,3.5,紙面目視
2008,191,当初予算,,教育費,10842,5.7,紙面目視
2008,191,当初予算,,災害復旧費,0,0.0,紙面目視
2008,191,当初予算,,公債費,45521,24.1,紙面目視
2008,191,当初予算,,諸支出金,216,0.1,紙面目視
2008,191,当初予算,,予備費,1000,0.5,紙面目視
2008,200,決算,,議会費,2185,1.1,紙面目視
2008,200,決算,,総務費,26354,12.9,紙面目視
2008,200,決算,,民生費,35726,17.5,紙面目視
2008,200,決算,,衛生費,14865,7.3,紙面目視
2008,200,決算,,農林水産業費,20849,10.2,紙面目視
2008,200,決算,,商工費,4107,2.0,紙面目視
2008,200,決算,,土木費,19003,9.3,紙面目視
2008,200,決算,,消防費,6147,3.0,紙面目視
2008,200,決算,,教育費,8951,4.4,紙面目視
2008,200,決算,,災害復旧費,2865,1.4,紙面目視
2008,200,決算,,公債費,45230,22.2,紙面目視
2008,200,決算,,諸支出金,17566,8.6,紙面目視
2009,197,当初予算,,議会費,2222,1.1,紙面目視
2009,197,当初予算,,総務費,23687,12.0,紙面目視
2009,197,当初予算,,民生費,28747,14.6,紙面目視
2009,197,当初予算,,衛生費,15733,8.0,紙面目視
2009,197,当初予算,,農林水産業費,19025,9.7,紙面目視
2009,197,当初予算,,商工費,7554,3.8,紙面目視
2009,197,当初予算,,土木費,23688,12.0,紙面目視
2009,197,当初予算,,消防費,6861,3.5,紙面目視
2009,197,当初予算,,教育費,12001,6.1,紙面目視
2009,197,当初予算,,災害復旧費,0,0.0,紙面目視
2009,197,当初予算,,公債費,55882,28.4,紙面目視
2009,197,当初予算,,諸支出金,599,0.3,紙面目視
2009,197,当初予算,,予備費,1000,0.5,紙面目視
2009,212,決算,,議会費,2138,0.9,紙面目視
2009,212,決算,,総務費,32973,13.2,紙面目視
2009,212,決算,,民生費,28956,11.6,紙面目視
2009,212,決算,,衛生費,18204,7.3,紙面目視
2009,212,決算,,農林水産業費,44401,17.8,紙面目視
2009,212,決算,,商工費,6856,2.8,紙面目視
2009,212,決算,,土木費,22186,8.9,紙面目視
2009,212,決算,,消防費,9486,3.8,紙面目視
2009,212,決算,,教育費,14460,5.8,紙面目視
2009,212,決算,,災害復旧費,0,0.0,紙面目視
2009,212,決算,,公債費,55754,22.4,紙面目視
2009,212,決算,,諸支出金,13576,5.5,紙面目視
2010,203,当初予算,,議会費,2184,1.2,紙面目視
2010,203,当初予算,,総務費,34337,18.3,紙面目視
2010,203,当初予算,,民生費,25948,13.8,紙面目視
2010,203,当初予算,,衛生費,16019,8.5,紙面目視
2010,203,当初予算,,農林水産業費,27566,14.7,紙面目視
2010,203,当初予算,,商工費,6015,3.2,紙面目視
2010,203,当初予算,,土木費,13153,7.0,紙面目視
2010,203,当初予算,,消防費,6592,3.5,紙面目視
2010,203,当初予算,,教育費,13538,7.2,紙面目視
2010,203,当初予算,,災害復旧費,0,0.0,紙面目視
2010,203,当初予算,,公債費,41061,21.8,紙面目視
2010,203,当初予算,,諸支出金,588,0.3,紙面目視
2010,203,当初予算,,予備費,1000,0.5,紙面目視
2010,212,決算,,議会費,2089,0.9,紙面目視
2010,212,決算,,総務費,32447,14.8,紙面目視
2010,212,決算,,民生費,25152,11.4,紙面目視
2010,212,決算,,衛生費,12482,5.7,紙面目視
2010,212,決算,,農林水産業費,40190,18.3,紙面目視
2010,212,決算,,商工費,7868,3.6,紙面目視
2010,212,決算,,土木費,15874,7.2,紙面目視
2010,212,決算,,消防費,7142,3.2,紙面目視
2010,212,決算,,教育費,12089,5.5,紙面目視
2010,212,決算,,災害復旧費,1124,0.5,紙面目視
2010,212,決算,,公債費,40830,18.6,紙面目視
2010,212,決算,,諸支出金,22682,10.3,紙面目視
2011,209,当初予算,,議会費,2957,1.6,紙面目視
2011,209,当初予算,,総務費,26942,15.0,紙面目視
2011,209,当初予算,,民生費,27211,15.1,紙面目視
2011,209,当初予算,,衛生費,16341,9.1,紙面目視
2011,209,当初予算,,農林水産業費,35316,19.6,紙面目視
2011,209,当初予算,,商工費,5347,3.0,紙面目視
2011,209,当初予算,,土木費,16098,8.9,紙面目視
2011,209,当初予算,,消防費,5911,3.3,紙面目視
2011,209,当初予算,,教育費,10390,5.8,紙面目視
2011,209,当初予算,,災害復旧費,0,0.0,紙面目視
2011,209,当初予算,,公債費,31943,17.7,紙面目視
2011,209,当初予算,,諸支出金,546,0.3,紙面目視
2011,209,当初予算,,予備費,1000,0.6,紙面目視
2011,224,決算,,議会費,2891,1.5,紙面目視
2011,224,決算,,総務費,26228,13.8,紙面目視
2011,224,決算,,民生費,27397,14.4,紙面目視
2011,224,決算,,衛生費,17013,9.0,紙面目視
2011,224,決算,,農林水産業費,31908,16.8,紙面目視
2011,224,決算,,商工費,7869,4.1,紙面目視
2011,224,決算,,土木費,16422,8.6,紙面目視
2011,224,決算,,消防費,5684,3.0,紙面目視
2011,224,決算,,教育費,12150,6.4,紙面目視
2011,224,決算,,災害復旧費,452,0.2,紙面目視
2011,224,決算,,公債費,30963,16.3,紙面目視
2011,224,決算,,諸支出金,10906,5.7,紙面目視
2012,215,当初予算,5,議会費,2635,1.6,自動抽出(A)
2012,215,当初予算,5,総務費,26230,16.1,自動抽出(A)
2012,215,当初予算,5,民生費,27964,17.2,自動抽出(A)
2012,215,当初予算,5,衛生費,14485,8.9,自動抽出(A)
2012,215,当初予算,5,農林水産業費,24301,14.9,自動抽出(A)
2012,215,当初予算,5,商工費,3737,2.3,自動抽出(A)
2012,215,当初予算,5,土木費,18372,11.3,自動抽出(A)
2012,215,当初予算,5,消防費,5611,3.4,自動抽出(A)
2012,215,当初予算,5,教育費,9729,6.0,自動抽出(A)
2012,215,当初予算,5,災害復旧費,0,0.0,自動抽出(A)
2012,215,当初予算,5,公債費,28518,17.5,自動抽出(A)
2012,215,当初予算,5,諸支出金,418,0.3,自動抽出(A)
2012,215,当初予算,5,予備費,1000,0.6,自動抽出(A)
2012,224,決算,,議会費,2588,1.1,紙面目視
2012,224,決算,,総務費,29793,13.2,紙面目視
2012,224,決算,,民生費,28238,12.5,紙面目視
2012,224,決算,,衛生費,16885,7.5,紙面目視
2012,224,決算,,農林水産業費,30897,13.7,紙面目視
2012,224,決算,,商工費,4026,1.8,紙面目視
2012,224,決算,,土木費,21528,9.6,紙面目視
2012,224,決算,,消防費,5841,2.6,紙面目視
2012,224,決算,,教育費,9949,4.4,紙面目視
2012,224,決算,,災害復旧費,5771,2.6,紙面目視
2012,224,決算,,公債費,27535,12.2,紙面目視
2012,224,決算,,諸支出金,42133,18.7,紙面目視
2013,221,当初予算,3,議会費,2544,1.4,自動抽出(A)
2013,221,当初予算,3,総務費,28099,15.6,自動抽出(A)
2013,221,当初予算,3,民生費,29102,16.2,自動抽出(A)
2013,221,当初予算,3,衛生費,18397,10.2,自動抽出(A)
2013,221,当初予算,3,農林水産業費,26814,14.9,自動抽出(A)
2013,221,当初予算,3,商工費,5727,3.2,自動抽出(A)
2013,221,当初予算,3,土木費,24462,13.6,自動抽出(A)
2013,221,当初予算,3,消防費,6344,3.5,自動抽出(A)
2013,221,当初予算,3,教育費,10733,6.0,自動抽出(A)
2013,221,当初予算,3,災害復旧費,0,0.0,自動抽出(A)
2013,221,当初予算,3,公債費,26370,14.7,自動抽出(A)
2013,221,当初予算,3,諸支出金,408,0.2,自動抽出(A)
2013,221,当初予算,3,予備費,1000,0.6,自動抽出(A)
2013,236,決算,,議会費,2540,1.2,紙面目視
2013,236,決算,,総務費,35950,17.4,紙面目視
2013,236,決算,,民生費,27600,13.4,紙面目視
2013,236,決算,,衛生費,23481,11.4,紙面目視
2013,236,決算,,農林水産業費,26644,12.9,紙面目視
2013,236,決算,,商工費,5849,2.8,紙面目視
2013,236,決算,,土木費,26339,12.8,紙面目視
2013,236,決算,,消防費,5923,2.9,紙面目視
2013,236,決算,,教育費,11103,5.4,紙面目視
2013,236,決算,,災害復旧費,0,0.0,紙面目視
2013,236,決算,,公債費,26150,12.7,紙面目視
2013,236,決算,,諸支出金,14854,7.2,紙面目視
2014,227,当初予算,,議会費,2586,1.4,紙面目視
2014,227,当初予算,,総務費,37644,20.0,紙面目視
2014,227,当初予算,,民生費,30857,16.4,紙面目視
2014,227,当初予算,,衛生費,14978,8.0,紙面目視
2014,227,当初予算,,農林水産業費,27269,14.5,紙面目視
2014,227,当初予算,,商工費,6094,3.2,紙面目視
2014,227,当初予算,,土木費,23110,12.3,紙面目視
2014,227,当初予算,,消防費,6321,3.4,紙面目視
2014,227,当初予算,,教育費,11946,6.4,紙面目視
2014,227,当初予算,,災害復旧費,0,0.0,紙面目視
2014,227,当初予算,,公債費,25696,13.7,紙面目視
2014,227,当初予算,,諸支出金,499,0.3,紙面目視
2014,227,当初予算,,予備費,1000,0.5,紙面目視
2014,236,決算,,議会費,2586,1.3,紙面目視
2014,236,決算,,総務費,36294,18.5,紙面目視
2014,236,決算,,民生費,29280,15.0,紙面目視
2014,236,決算,,衛生費,15539,7.9,紙面目視
2014,236,決算,,農林水産業費,22977,11.7,紙面目視
2014,236,決算,,商工費,7230,3.7,紙面目視
2014,236,決算,,土木費,20934,10.7,紙面目視
2014,236,決算,,消防費,6276,3.2,紙面目視
2014,236,決算,,教育費,15000,7.7,紙面目視
2014,236,決算,,災害復旧費,0,0.0,紙面目視
2014,236,決算,,公債費,25196,12.9,紙面目視
2014,236,決算,,諸支出金,14537,7.4,紙面目視
2015,233,当初予算,3,議会費,2729,1.2,自動抽出(A)
2015,233,当初予算,3,総務費,34796,14.6,自動抽出(A)
2015,233,当初予算,3,民生費,67899,28.5,自動抽出(A)
2015,233,当初予算,3,衛生費,18972,8.0,自動抽出(A)
2015,233,当初予算,3,農林水産業費,24335,10.2,自動抽出(A)
2015,233,当初予算,3,商工費,4433,1.9,自動抽出(A)
2015,233,当初予算,3,土木費,37164,15.6,自動抽出(A)
2015,233,当初予算,3,消防費,6707,2.8,自動抽出(A)
2015,233,当初予算,3,教育費,19559,8.2,自動抽出(A)
2015,233,当初予算,3,災害復旧費,0,0.0,自動抽出(A)
2015,233,当初予算,3,公債費,19835,8.3,自動抽出(A)
2015,233,当初予算,3,諸支出金,571,0.2,自動抽出(A)
2015,233,当初予算,3,予備費,1000,0.4,自動抽出(A)
2015,251,決算,2,議会費,2938,1.3,紙面目視(表)
2015,251,決算,2,総務費,35624,15.3,紙面目視(表)
2015,251,決算,2,民生費,49729,21.3,紙面目視(表)
2015,251,決算,2,衛生費,18358,7.9,紙面目視(表)
2015,251,決算,2,農林水産業費,23998,10.3,紙面目視(表)
2015,251,決算,2,商工費,5926,2.5,紙面目視(表)
2015,251,決算,2,土木費,32860,14.1,紙面目視(表)
2015,251,決算,2,消防費,8758,3.8,紙面目視(表)
2015,251,決算,2,教育費,24612,10.6,紙面目視(表)
2015,251,決算,2,災害復旧費,0,0.0,紙面目視(表)
2015,251,決算,2,公債費,19416,8.3,紙面目視(表)
2015,251,決算,2,諸支出金,10759,4.6,紙面目視(表)
2016,239,当初予算,,議会費,2693,1.4,紙面目視
2016,239,当初予算,,総務費,31713,16.6,紙面目視
2016,239,当初予算,,民生費,33095,17.3,紙面目視
2016,239,当初予算,,衛生費,18352,9.6,紙面目視
2016,239,当初予算,,農林水産業費,25190,13.2,紙面目視
2016,239,当初予算,,商工費,4988,2.6,紙面目視
2016,239,当初予算,,土木費,34259,17.9,紙面目視
2016,239,当初予算,,消防費,5873,3.1,紙面目視
2016,239,当初予算,,教育費,14012,7.3,紙面目視
2016,239,当初予算,,災害復旧費,0,0.0,紙面目視
2016,239,当初予算,,公債費,18381,9.6,紙面目視
2016,239,当初予算,,諸支出金,1444,0.8,紙面目視
2016,239,当初予算,,予備費,1000,0.5,紙面目視
2016,251,決算,2,議会費,2704,1.1,紙面目視(表)
2016,251,決算,2,総務費,34903,14.5,紙面目視(表)
2016,251,決算,2,民生費,67579,28.0,紙面目視(表)
2016,251,決算,2,衛生費,19380,8.0,紙面目視(表)
2016,251,決算,2,農林水産業費,26165,10.8,紙面目視(表)
2016,251,決算,2,商工費,7954,3.3,紙面目視(表)
2016,251,決算,2,土木費,29206,12.1,紙面目視(表)
2016,251,決算,2,消防費,5806,2.4,紙面目視(表)
2016,251,決算,2,教育費,14058,5.8,紙面目視(表)
2016,251,決算,2,災害復旧費,92,0.0,紙面目視(表)
2016,251,決算,2,公債費,17194,7.1,紙面目視(表)
2016,251,決算,2,諸支出金,16130,6.7,紙面目視(表)
2017,245,当初予算,,議会費,2698,1.5,紙面目視
2017,245,当初予算,,総務費,33249,18.4,紙面目視
2017,245,当初予算,,民生費,31960,17.7,紙面目視
2017,245,当初予算,,衛生費,15817,8.7,紙面目視
2017,245,当初予算,,農林水産業費,27565,15.2,紙面目視
2017,245,当初予算,,商工費,5720,3.2,紙面目視
2017,245,当初予算,,土木費,20214,11.2,紙面目視
2017,245,当初予算,,消防費,6042,3.3,紙面目視
2017,245,当初予算,,教育費,16428,9.1,紙面目視
2017,245,当初予算,,災害復旧費,0,0.0,紙面目視
2017,245,当初予算,,公債費,19105,10.6,紙面目視
2017,245,当初予算,,諸支出金,1202,0.7,紙面目視
2017,245,当初予算,,予備費,1000,0.6,紙面目視
2017,263,決算,2,議会費,2652,1.3,紙面目視(表)
2017,263,決算,2,総務費,31872,15.8,紙面目視(表)
2017,263,決算,2,民生費,30196,15.0,紙面目視(表)
2017,263,決算,2,衛生費,14968,7.4,紙面目視(表)
2017,263,決算,2,農林水産業費,21113,10.5,紙面目視(表)
2017,263,決算,2,商工費,26711,13.3,紙面目視(表)
2017,263,決算,2,土木費,17270,8.6,紙面目視(表)
2017,263,決算,2,消防費,5649,2.8,紙面目視(表)
2017,263,決算,2,教育費,16506,8.2,紙面目視(表)
2017,263,決算,2,災害復旧費,0,0.0,紙面目視(表)
2017,263,決算,2,公債費,17960,8.9,紙面目視(表)
2017,263,決算,2,諸支出金,16475,8.2,紙面目視(表)
2018,257,当初予算,,議会費,2671,1.5,紙面目視
2018,257,当初予算,,総務費,39995,21.7,紙面目視
2018,257,当初予算,,民生費,33009,17.9,紙面目視
2018,257,当初予算,,衛生費,13593,7.4,紙面目視
2018,257,当初予算,,農林水産業費,26653,14.5,紙面目視
2018,257,当初予算,,商工費,5754,3.1,紙面目視
2018,257,当初予算,,土木費,21357,11.6,紙面目視
2018,257,当初予算,,消防費,6293,3.4,紙面目視
2018,257,当初予算,,教育費,14869,8.1,紙面目視
2018,257,当初予算,,災害復旧費,0,0.0,紙面目視
2018,257,当初予算,,公債費,17888,9.7,紙面目視
2018,257,当初予算,,諸支出金,918,0.5,紙面目視
2018,257,当初予算,,予備費,1000,0.5,紙面目視
2018,276,決算,,議会費,2673,1.2,紙面目視
2018,276,決算,,総務費,44055,20.0,紙面目視
2018,276,決算,,民生費,30115,13.7,紙面目視
2018,276,決算,,衛生費,13801,6.3,紙面目視
2018,276,決算,,農林水産業費,19425,8.8,紙面目視
2018,276,決算,,商工費,46738,21.3,紙面目視
2018,276,決算,,土木費,14608,6.6,紙面目視
2018,276,決算,,消防費,5978,2.7,紙面目視
2018,276,決算,,教育費,14366,6.5,紙面目視
2018,276,決算,,災害復旧費,9779,4.4,紙面目視
2018,276,決算,,公債費,17235,7.8,紙面目視
2018,276,決算,,諸支出金,1069,0.5,紙面目視
2019,269,当初予算,3,議会費,2685,1.3,自動抽出(座標)
2019,269,当初予算,3,総務費,40878,19.6,自動抽出(座標)
2019,269,当初予算,3,民生費,60149,28.8,自動抽出(座標)
2019,269,当初予算,3,衛生費,18847,9.0,自動抽出(座標)
2019,269,当初予算,3,農林水産業費,21239,10.2,自動抽出(座標)
2019,269,当初予算,3,商工費,5693,2.7,自動抽出(座標)
2019,269,当初予算,3,土木費,17185,8.2,自動抽出(座標)
2019,269,当初予算,3,消防費,5983,2.9,自動抽出(座標)
2019,269,当初予算,3,教育費,13956,6.7,自動抽出(座標)
2019,269,当初予算,3,災害復旧費,3632,1.7,自動抽出(座標)
2019,269,当初予算,3,公債費,16789,8.0,自動抽出(座標)
2019,269,当初予算,3,諸支出金,964,0.5,自動抽出(座標)
2019,269,当初予算,3,予備費,1000,0.5,自動抽出(座標)
2019,288,決算,2,議会費,2594,1.2,自動抽出(B)
2019,288,決算,2,総務費,39380,18.0,自動抽出(B)
2019,288,決算,2,民生費,37862,17.3,自動抽出(B)
2019,288,決算,2,衛生費,14460,6.6,自動抽出(B)
2019,288,決算,2,農林水産業費,29720,13.6,自動抽出(B)
2019,288,決算,2,商工費,5652,2.6,自動抽出(B)
2019,288,決算,2,土木費,20237,9.2,自動抽出(B)
2019,288,決算,2,消防費,5381,2.5,自動抽出(B)
2019,288,決算,2,教育費,18759,8.6,自動抽出(B)
2019,288,決算,2,災害復旧費,24430,11.2,自動抽出(B)
2019,288,決算,2,公債費,15380,7.0,自動抽出(B)
2019,288,決算,2,諸支出金,5116,2.3,自動抽出(B)
2020,281,当初予算,3,議会費,2663,1.3,自動抽出(A)
2020,281,当初予算,3,総務費,45851,22.8,自動抽出(A)
2020,281,当初予算,3,民生費,34479,17.2,自動抽出(A)
2020,281,当初予算,3,衛生費,15213,7.6,自動抽出(A)
2020,281,当初予算,3,農林水産業費,21337,10.6,自動抽出(A)
2020,281,当初予算,3,商工費,7398,3.7,自動抽出(A)
2020,281,当初予算,3,土木費,29009,14.5,自動抽出(A)
2020,281,当初予算,3,消防費,6192,3.1,自動抽出(A)
2020,281,当初予算,3,教育費,12419,6.2,自動抽出(A)
2020,281,当初予算,3,災害復旧費,0,0.0,自動抽出(A)
2020,281,当初予算,3,公債費,23294,11.6,自動抽出(A)
2020,281,当初予算,3,諸支出金,1945,1.0,自動抽出(A)
2020,281,当初予算,3,予備費,1000,0.5,自動抽出(A)
2020,301,決算,2,議会費,2578,0.9,自動抽出(B)
2020,301,決算,2,総務費,57191,20.5,自動抽出(B)
2020,301,決算,2,民生費,56599,20.3,自動抽出(B)
2020,301,決算,2,衛生費,17660,6.3,自動抽出(B)
2020,301,決算,2,農林水産業費,17475,6.3,自動抽出(B)
2020,301,決算,2,商工費,10914,3.9,自動抽出(B)
2020,301,決算,2,土木費,17851,6.4,自動抽出(B)
2020,301,決算,2,消防費,6524,2.3,自動抽出(B)
2020,301,決算,2,教育費,40147,14.4,自動抽出(B)
2020,301,決算,2,災害復旧費,11388,4.1,自動抽出(B)
2020,301,決算,2,公債費,22242,8.0,自動抽出(B)
2020,301,決算,2,諸支出金,18514,6.6,自動抽出(B)
2021,293,当初予算,3,議会費,2630,1.1,自動抽出(A)
2021,293,当初予算,3,総務費,37300,15.6,自動抽出(A)
2021,293,当初予算,3,民生費,39739,16.6,自動抽出(A)
2021,293,当初予算,3,衛生費,13975,5.8,自動抽出(A)
2021,293,当初予算,3,農林水産業費,20988,8.8,自動抽出(A)
2021,293,当初予算,3,商工費,8287,3.5,自動抽出(A)
2021,293,当初予算,3,土木費,24198,10.1,自動抽出(A)
2021,293,当初予算,3,消防費,6932,2.9,自動抽出(A)
2021,293,当初予算,3,教育費,36184,15.1,自動抽出(A)
2021,293,当初予算,3,災害復旧費,26383,11.0,自動抽出(A)
2021,293,当初予算,3,公債費,20614,8.6,自動抽出(A)
2021,293,当初予算,3,諸支出金,1570,0.7,自動抽出(A)
2021,293,当初予算,3,予備費,1000,0.4,自動抽出(A)
2021,313,決算,4,議会費,2569,1.0,自動抽出(B)
2021,313,決算,4,総務費,47102,18.4,自動抽出(B)
2021,313,決算,4,民生費,37303,14.6,自動抽出(B)
2021,313,決算,4,衛生費,16253,6.4,自動抽出(B)
2021,313,決算,4,農林水産業費,19222,7.5,自動抽出(B)
2021,313,決算,4,商工費,8393,3.3,自動抽出(B)
2021,313,決算,4,土木費,25455,10.0,自動抽出(B)
2021,313,決算,4,消防費,6104,2.4,自動抽出(B)
2021,313,決算,4,教育費,34937,13.7,自動抽出(B)
2021,313,決算,4,災害復旧費,18163,7.1,自動抽出(B)
2021,313,決算,4,公債費,19465,7.6,自動抽出(B)
2021,313,決算,4,諸支出金,20480,8.0,自動抽出(B)
2022,305,当初予算,3,議会費,2618,1.3,自動抽出(A)
2022,305,当初予算,3,総務費,39157,19.8,自動抽出(A)
2022,305,当初予算,3,民生費,37767,19.1,自動抽出(A)
2022,305,当初予算,3,衛生費,17212,8.7,自動抽出(A)
2022,305,当初予算,3,農林水産業費,19440,9.8,自動抽出(A)
2022,305,当初予算,3,商工費,9666,4.9,自動抽出(A)
2022,305,当初予算,3,土木費,16250,8.2,自動抽出(A)
2022,305,当初予算,3,消防費,7699,3.9,自動抽出(A)
2022,305,当初予算,3,教育費,18413,9.3,自動抽出(A)
2022,305,当初予算,3,災害復旧費,6316,3.2,自動抽出(A)
2022,305,当初予算,3,公債費,20764,10.5,自動抽出(A)
2022,305,当初予算,3,諸支出金,1698,0.9,自動抽出(A)
2022,305,当初予算,3,予備費,1000,0.5,自動抽出(A)
2022,325,決算,4,議会費,2613,1.1,自動抽出(B)
2022,325,決算,4,総務費,42973,18.6,自動抽出(B)
2022,325,決算,4,民生費,31708,13.7,自動抽出(B)
2022,325,決算,4,衛生費,19446,8.4,自動抽出(B)
2022,325,決算,4,農林水産業費,20825,9.0,自動抽出(B)
2022,325,決算,4,商工費,11682,5.1,自動抽出(B)
2022,325,決算,4,土木費,24063,10.4,自動抽出(B)
2022,325,決算,4,消防費,7290,3.2,自動抽出(B)
2022,325,決算,4,教育費,21163,9.2,自動抽出(B)
2022,325,決算,4,災害復旧費,10020,4.3,自動抽出(B)
2022,325,決算,4,公債費,19644,8.5,自動抽出(B)
2022,325,決算,4,諸支出金,19308,8.4,自動抽出(B)
2023,317,当初予算,3,議会費,2806,1.3,自動抽出(A)
2023,317,当初予算,3,総務費,42261,19.7,自動抽出(A)
2023,317,当初予算,3,民生費,35258,16.4,自動抽出(A)
2023,317,当初予算,3,衛生費,17666,8.2,自動抽出(A)
2023,317,当初予算,3,農林水産業費,19052,8.9,自動抽出(A)
2023,317,当初予算,3,商工費,9201,4.3,自動抽出(A)
2023,317,当初予算,3,土木費,24132,11.2,自動抽出(A)
2023,317,当初予算,3,消防費,7056,3.3,自動抽出(A)
2023,317,当初予算,3,教育費,36175,16.8,自動抽出(A)
2023,317,当初予算,3,災害復旧費,0,0.0,自動抽出(A)
2023,317,当初予算,3,公債費,20235,9.4,自動抽出(A)
2023,317,当初予算,3,諸支出金,258,0.1,自動抽出(A)
2023,317,当初予算,3,予備費,1000,0.5,自動抽出(A)
2023,336,決算,4,議会費,2666,1.0,自動抽出(B)
2023,336,決算,4,総務費,36755,14.2,自動抽出(B)
2023,336,決算,4,民生費,33524,13.0,自動抽出(B)
2023,336,決算,4,衛生費,22728,8.8,自動抽出(B)
2023,336,決算,4,農林水産業費,18582,7.2,自動抽出(B)
2023,336,決算,4,商工費,9941,3.9,自動抽出(B)
2023,336,決算,4,土木費,30263,11.7,自動抽出(B)
2023,336,決算,4,消防費,5876,2.3,自動抽出(B)
2023,336,決算,4,教育費,26965,10.5,自動抽出(B)
2023,336,決算,4,災害復旧費,33264,12.9,自動抽出(B)
2023,336,決算,4,公債費,22242,8.6,自動抽出(B)
2023,336,決算,4,諸支出金,15134,5.9,自動抽出(B)
2024,329,当初予算,3,議会費,2803,1.2,自動抽出(A)
2024,329,当初予算,3,総務費,46536,20.6,自動抽出(A)
2024,329,当初予算,3,民生費,36358,16.1,自動抽出(A)
2024,329,当初予算,3,衛生費,20888,9.3,自動抽出(A)
2024,329,当初予算,3,農林水産業費,23762,10.5,自動抽出(A)
2024,329,当初予算,3,商工費,14553,6.5,自動抽出(A)
2024,329,当初予算,3,土木費,30975,13.7,自動抽出(A)
2024,329,当初予算,3,消防費,6939,3.1,自動抽出(A)
2024,329,当初予算,3,教育費,17787,7.9,自動抽出(A)
2024,329,当初予算,3,災害復旧費,495,0.2,自動抽出(A)
2024,329,当初予算,3,公債費,23392,10.4,自動抽出(A)
2024,329,当初予算,3,諸支出金,312,0.1,自動抽出(A)
2024,329,当初予算,3,予備費,1000,0.4,自動抽出(A)
2024,348,決算,8,議会費,2769,1.2,自動抽出(B)
2024,348,決算,8,総務費,48540,20.6,自動抽出(B)
2024,348,決算,8,民生費,34236,14.5,自動抽出(B)
2024,348,決算,8,衛生費,20569,8.7,自動抽出(B)
2024,348,決算,8,農林水産業費,19033,8.1,自動抽出(B)
2024,348,決算,8,商工費,11671,4.9,自動抽出(B)
2024,348,決算,8,土木費,26628,11.3,自動抽出(B)
2024,348,決算,8,消防費,5515,2.3,自動抽出(B)
2024,348,決算,8,教育費,31236,13.2,自動抽出(B)
2024,348,決算,8,災害復旧費,7306,3.1,自動抽出(B)
2024,348,決算,8,公債費,23547,10.0,自動抽出(B)
2024,348,決算,8,諸支出金,5137,2.2,自動抽出(B)
2025,341,当初予算,3,議会費,2774,1.1,自動抽出(A)
2025,341,当初予算,3,総務費,54771,20.7,自動抽出(A)
2025,341,当初予算,3,民生費,40942,15.5,自動抽出(A)
2025,341,当初予算,3,衛生費,21221,8.0,自動抽出(A)
2025,341,当初予算,3,農林水産業費,22585,8.5,自動抽出(A)
2025,341,当初予算,3,商工費,12963,4.9,自動抽出(A)
2025,341,当初予算,3,土木費,51297,19.4,自動抽出(A)
2025,341,当初予算,3,消防費,10290,3.9,自動抽出(A)
2025,341,当初予算,3,教育費,21004,7.9,自動抽出(A)
2025,341,当初予算,3,災害復旧費,0,0.0,自動抽出(A)
2025,341,当初予算,3,公債費,25851,9.8,自動抽出(A)
2025,341,当初予算,3,諸支出金,302,0.1,自動抽出(A)
2025,341,当初予算,3,予備費,1000,0.4,自動抽出(A)
2026,353,当初予算,20,議会費,2755,1.2,自動抽出(A)
2026,353,当初予算,20,総務費,49918,22.1,自動抽出(A)
2026,353,当初予算,20,民生費,41090,18.2,自動抽出(A)
2026,353,当初予算,20,衛生費,19256,8.5,自動抽出(A)
2026,353,当初予算,20,農林水産業費,23553,10.4,自動抽出(A)
2026,353,当初予算,20,商工費,14430,6.4,自動抽出(A)
2026,353,当初予算,20,土木費,17298,7.7,自動抽出(A)
2026,353,当初予算,20,消防費,7400,3.3,自動抽出(A)
2026,353,当初予算,20,教育費,21028,9.3,自動抽出(A)
2026,353,当初予算,20,災害復旧費,0,0.0,自動抽出(A)
2026,353,当初予算,20,公債費,27953,12.4,自動抽出(A)
2026,353,当初予算,20,諸支出金,319,0.1,自動抽出(A)
2026,353,当初予算,20,予備費,1000,0.4,自動抽出(A)
