fiscal_year,kan_no,kan_name,ko_no,ko_name,moku_no,moku_name,initial_budget,supplementary,carryover_in,budget_total,assessed,received,bad_debt,uncollected,source
2018,1,村税,1,村民税,1,個人村民税,24990000,1892000,0,26882000,26909300,26842914,0,66386,H30決算書p10
2018,1,村税,1,村民税,2,法人村民税,13546000,6941000,0,20487000,20488200,20488200,0,0,H30決算書p10
2018,1,村税,2,固定資産税,1,固定資産税,36653000,2993000,0,39646000,39646000,39646000,0,0,H30決算書p10
2018,1,村税,2,固定資産税,2,国有資産等所在市町村交付金及び納付金,98739000,0,0,98739000,98740500,98740500,0,0,H30決算書p10
2018,1,村税,3,軽自動車税,1,軽自動車税,4798000,39000,0,4837000,4831100,4831100,0,0,H30決算書p10
2018,1,村税,4,村たばこ税,1,村たばこ税,2064000,-29000,0,2035000,2035626,2035626,0,0,H30決算書p10
2018,1,村税,8,入湯税,1,入湯税,345000,-145000,0,200000,96000,96000,0,0,H30決算書p11
2018,2,地方譲与税,1,地方揮発油譲与税,1,地方揮発油譲与税,7155000,31000,0,7186000,7186000,7186000,0,0,H30決算書p11
2018,2,地方譲与税,2,自動車重量譲与税,1,自動車重量譲与税,17831000,-127000,0,17704000,17704000,17704000,0,0,H30決算書p11
2018,3,利子割交付金,1,利子割交付金,1,利子割交付金,101000,21000,0,122000,122000,122000,0,0,H30決算書p11
2018,4,配当割交付金,1,配当割交付金,1,配当割交付金,187000,22000,0,209000,209000,209000,0,0,H30決算書p11
2018,5,株式等譲渡所得割交付金,1,株式等譲渡所得割交付金,1,株式等譲渡所得割交付金,196000,-18000,0,178000,178000,178000,0,0,H30決算書p11
2018,6,地方消費税交付金,1,地方消費税交付金,1,地方消費税交付金,19090000,993000,0,20083000,20083000,20083000,0,0,H30決算書p12
2018,8,自動車取得税交付金,1,自動車取得税交付金,1,自動車取得税交付金,5506000,379000,0,5885000,5885000,5885000,0,0,H30決算書p12
2018,9,地方特例交付金,1,地方特例交付金,1,地方特例交付金,102000,-9000,0,93000,93000,93000,0,0,H30決算書p12
2018,10,地方交付税,1,地方交付税,1,地方交付税,950000000,187536000,0,1137536000,1137536000,1137536000,0,0,H30決算書p12
2018,11,分担金及び負担金,2,負担金,1,総務費負担金,60000,-60000,0,0,0,0,0,0,H30決算書p12
2018,11,分担金及び負担金,2,負担金,2,民生費負担金,521000,-116000,0,405000,404496,404496,0,0,H30決算書p12
2018,11,分担金及び負担金,2,負担金,3,農林水産業費負担金,0,387000,0,387000,367712,318893,0,48819,H30決算書p13
2018,12,使用料及び手数料,1,使用料,1,総務使用料,4561000,-698000,0,3863000,3864300,3856300,0,8000,H30決算書p13
2018,12,使用料及び手数料,1,使用料,2,民生使用料,2698000,-171000,0,2527000,2529460,2529460,0,0,H30決算書p13
2018,12,使用料及び手数料,1,使用料,3,農林使用料,4373000,3415000,0,7788000,7789690,5697617,0,2092073,H30決算書p13
2018,12,使用料及び手数料,1,使用料,4,商工使用料,2041000,-6000,0,2035000,2048860,2048860,0,0,H30決算書p13
2018,12,使用料及び手数料,1,使用料,5,土木使用料,16242000,-986000,0,15256000,15256131,15256131,0,0,H30決算書p14
2018,12,使用料及び手数料,1,使用料,7,教育施設使用料,3418000,-793000,0,2625000,2625538,2625538,0,0,H30決算書p14
2018,12,使用料及び手数料,2,手数料,1,総務手数料,960000,-146000,0,814000,814850,814850,0,0,H30決算書p14
2018,12,使用料及び手数料,2,手数料,3,衛生費手数料,1749000,-635000,0,1114000,1114850,1114850,0,0,H30決算書p15
2018,13,国庫支出金,1,国庫負担金,1,民生費国庫負担金,40781000,1518000,0,42299000,42299835,42299835,0,0,H30決算書p15
2018,13,国庫支出金,1,国庫負担金,3,災害復旧費国庫負担金,0,214196000,0,214196000,213704820,32044864,0,181659956,H30決算書p15
2018,13,国庫支出金,2,国庫補助金,1,総務費国庫補助金,1298000,-128000,0,1170000,39708000,39708000,0,0,H30決算書p15
2018,13,国庫支出金,2,国庫補助金,2,民生費国庫補助金,439000,556000,0,995000,1002000,1002000,0,0,H30決算書p16
2018,13,国庫支出金,2,国庫補助金,3,衛生費国庫補助金,552000,0,0,552000,552000,552000,0,0,H30決算書p16
2018,13,国庫支出金,2,国庫補助金,4,土木費国庫補助金,68089000,-42528000,0,25561000,32419000,18118000,0,14301000,H30決算書p16
2018,13,国庫支出金,2,国庫補助金,5,農林水産業費国庫補助金,10070000,46045000,0,56115000,4966000,4966000,0,0,H30決算書p16
2018,13,国庫支出金,2,国庫補助金,6,教育費国庫補助金,148000,6184000,0,6332000,131000,131000,0,0,H30決算書p16
2018,13,国庫支出金,3,国庫委託金,1,総務費国庫委託金,154000,16000,0,170000,171356,171356,0,0,H30決算書p17
2018,13,国庫支出金,3,国庫委託金,2,民生費国庫委託金,759000,842000,0,1601000,1601522,1601522,0,0,H30決算書p17
2018,14,県支出金,1,県負担金,1,民生費県負担金,40047000,-2142000,0,37905000,37908498,37908498,0,0,H30決算書p17
2018,14,県支出金,2,県補助金,1,総務費県補助金,9310000,27000,0,9337000,9337000,9337000,0,0,H30決算書p17
2018,14,県支出金,2,県補助金,2,民生費県補助金,3162000,-8000,0,3154000,3196000,3196000,0,0,H30決算書p18
2018,14,県支出金,2,県補助金,3,衛生費県補助金,952000,-38000,0,914000,919000,919000,0,0,H30決算書p18
2018,14,県支出金,2,県補助金,4,農林水産業費県補助金,51606000,-15752000,0,35854000,35751914,35751914,0,0,H30決算書p18
2018,14,県支出金,2,県補助金,5,土木費県補助金,759000,3760000,0,4519000,4519200,4519200,0,0,H30決算書p19
2018,14,県支出金,2,県補助金,8,教育費県補助金,25000,0,0,25000,25000,25000,0,0,H30決算書p19
2018,14,県支出金,2,県補助金,9,災害復旧費県補助金,0,15791000,0,15791000,0,0,0,0,H30決算書p19
2018,14,県支出金,3,県委託金,1,総務費県委託金,5062000,1188000,0,6250000,6253315,6253315,0,0,H30決算書p19
2018,14,県支出金,3,県委託金,2,民生費県委託金,1000,0,0,1000,1230,1230,0,0,H30決算書p20
2018,14,県支出金,3,県委託金,3,農林水産業費県委託金,335000,-17000,0,318000,318000,318000,0,0,H30決算書p20
2018,15,財産収入,1,財産運用収入,1,財産貸付収入,2139000,358000,0,2497000,2452623,2426620,0,26003,H30決算書p20
2018,15,財産収入,1,財産運用収入,2,利子及び配当金,7756000,45000,0,7801000,9876624,9876624,0,0,H30決算書p20
2018,15,財産収入,2,財産売払収入,1,不動産売払収入,4200000,13790000,0,17990000,17990605,17990605,0,0,H30決算書p21
2018,15,財産収入,2,財産売払収入,2,物品売払収入,0,100000,0,100000,100000,100000,0,0,H30決算書p21
2018,15,財産収入,2,財産売払収入,3,生産物売払収入,363000,0,0,363000,327300,327300,0,0,H30決算書p21
2018,16,寄付金,1,寄付金,1,寄付金,6100000,6255000,0,12355000,12390000,12390000,0,0,H30決算書p21
2018,17,繰入金,1,基金繰入金,1,財政調整基金繰入金,0,0,0,0,0,0,0,0,H30決算書p22
2018,17,繰入金,1,基金繰入金,2,減債基金繰入金,66000000,-66000000,0,0,0,0,0,0,H30決算書p22
2018,17,繰入金,1,基金繰入金,3,公共施設等整備基金繰入金,15000000,79851000,0,94851000,94851000,94851000,0,0,H30決算書p22
2018,17,繰入金,1,基金繰入金,4,文教施設整備基金繰入金,0,0,0,0,0,0,0,0,H30決算書p22
2018,17,繰入金,1,基金繰入金,5,ふるさとづくり基金繰入金,3000000,0,0,3000000,3000000,3000000,0,0,H30決算書p22
2018,18,繰越金,1,繰越金,1,前年度繰越金,30000000,12305000,0,42305000,445634098,445634098,0,0,H30決算書p22
2018,19,諸収入,1,延滞金加算金及び過料,1,延滞金,5000,-3000,0,2000,2100,2100,0,0,H30決算書p22
2018,19,諸収入,2,預金利子,1,村預金利子,125000,0,0,125000,14467,14467,0,0,H30決算書p22
2018,19,諸収入,3,貸付金元利収入,1,貸付金元利収入,300000,-300000,0,0,0,0,0,0,H30決算書p23
2018,19,諸収入,3,貸付金元利収入,2,奨学資金貸付金元利収入,0,190000,0,190000,190000,190000,0,0,H30決算書p23
2018,19,諸収入,4,受託事業収入,1,農林水産業費受託事業収入,19004000,-18788000,0,216000,179700,179700,0,0,H30決算書p23
2018,19,諸収入,4,受託事業収入,2,授産事業受託収入,5721000,177000,0,5898000,5898460,5898460,0,0,H30決算書p23
2018,19,諸収入,4,受託事業収入,3,特定健康診査等受託料,1022000,-82000,0,940000,954360,954360,0,0,H30決算書p23
2018,19,諸収入,5,雑入,1,雑入,18930000,100555000,0,119485000,55703669,55383065,0,320604,H30決算書p23
2018,19,諸収入,5,雑入,4,介護給付費収入,5160000,510000,0,5670000,5679280,5679280,0,0,H30決算書p25
2018,20,村債,1,村債,1,総務債,203700000,-130000000,21400000,95100000,86500000,86500000,0,0,H30決算書p25
2018,20,村債,1,村債,3,災害復旧債,0,17400000,0,17400000,5900000,5900000,0,0,H30決算書p26
2018,20,村債,1,村債,4,教育債,0,14100000,0,14100000,0,0,0,0,H30決算書p26
2019,1,村税,1,村民税,1,個人村民税,24938000,588000,0,25526000,25536598,25460573,9027,66998,R1決算書p10
2019,1,村税,1,村民税,2,法人村民税,18356000,173000,0,18529000,18530100,18530100,0,0,R1決算書p10
2019,1,村税,2,固定資産税,1,固定資産税,38652000,6792000,0,45444000,45444900,45444900,0,0,R1決算書p10
2019,1,村税,2,固定資産税,2,国有資産等所在市町村交付金及び納付金,95018000,0,0,95018000,95019400,95019400,0,0,R1決算書p10
2019,1,村税,3,軽自動車税,1,軽自動車税,4838000,-4000,0,4834000,4834900,4834900,0,0,R1決算書p10
2019,1,村税,3,軽自動車税,2,環境性能割,0,35000,0,35000,35900,35900,0,0,R1決算書p10
2019,1,村税,4,村たばこ税,1,村たばこ税,1956000,516000,0,2472000,2472583,2472583,0,0,R1決算書p11
2019,1,村税,8,入湯税,1,入湯税,225000,-27000,0,198000,198000,198000,0,0,R1決算書p11
2019,2,地方譲与税,1,地方揮発油譲与税,1,地方揮発油譲与税,7059000,-709000,0,6350000,6350002,6350002,0,0,R1決算書p11
2019,2,地方譲与税,2,自動車重量譲与税,1,自動車重量譲与税,17151000,1141000,0,18292000,18292000,18292000,0,0,R1決算書p11
2019,2,地方譲与税,5,森林環境譲与税,1,森林環境譲与税,0,5510000,0,5510000,5510000,5510000,0,0,R1決算書p11
2019,3,利子割交付金,1,利子割交付金,1,利子割交付金,108000,-50000,0,58000,58000,58000,0,0,R1決算書p11
2019,4,配当割交付金,1,配当割交付金,1,配当割交付金,249000,12000,0,261000,261000,261000,0,0,R1決算書p11
2019,5,株式等譲渡所得割交付金,1,株式等譲渡所得割交付金,1,株式等譲渡所得割交付金,188000,-35000,0,153000,153000,153000,0,0,R1決算書p12
2019,6,地方消費税交付金,1,地方消費税交付金,1,地方消費税交付金,19589000,-564000,0,19025000,19025000,19025000,0,0,R1決算書p12
2019,7,環境性能割交付金,1,環境性能割交付金,1,環境性能割交付金,0,841000,0,841000,841000,841000,0,0,R1決算書p12
2019,8,自動車取得税交付金,1,自動車取得税交付金,1,自動車取得税交付金,5650000,-2180000,0,3470000,3470000,3470000,0,0,R1決算書p12
2019,9,地方特例交付金,1,地方特例交付金,1,地方特例交付金,93000,1706000,0,1799000,1799000,1799000,0,0,R1決算書p12
2019,10,地方交付税,1,地方交付税,1,地方交付税,920000000,195968000,0,1115968000,1115968000,1115968000,0,0,R1決算書p13
2019,11,分担金及び負担金,2,負担金,2,民生費負担金,149000,331000,0,480000,480600,480600,0,0,R1決算書p13
2019,11,分担金及び負担金,2,負担金,3,農林水産業費負担金,89000,12000,0,101000,104040,104040,0,0,R1決算書p13
2019,12,使用料及び手数料,1,使用料,1,総務使用料,7000,63000,0,70000,71000,71000,0,0,R1決算書p13
2019,12,使用料及び手数料,1,使用料,2,民生使用料,1848000,482000,0,2330000,2330980,2330980,0,0,R1決算書p13
2019,12,使用料及び手数料,1,使用料,3,農林使用料,3498000,2085000,0,5583000,5584744,3858153,0,1726591,R1決算書p14
2019,12,使用料及び手数料,1,使用料,4,商工使用料,2409000,-40000,0,2369000,2369060,2369060,0,0,R1決算書p14
2019,12,使用料及び手数料,1,使用料,5,土木使用料,15348000,14000,0,15362000,15362571,15362571,0,0,R1決算書p14
2019,12,使用料及び手数料,1,使用料,7,教育施設使用料,3373000,-241000,0,3132000,3133599,3133599,0,0,R1決算書p14
2019,12,使用料及び手数料,2,手数料,1,総務手数料,808000,26000,0,834000,835950,835950,0,0,R1決算書p15
2019,12,使用料及び手数料,2,手数料,3,衛生費手数料,1312000,-120000,0,1192000,1192850,1192850,0,0,R1決算書p15
2019,13,国庫支出金,1,国庫負担金,1,民生費国庫負担金,42526000,430000,0,42956000,42959649,42959649,0,0,R1決算書p15
2019,13,国庫支出金,1,国庫負担金,2,衛生費国庫負担金,0,794000,0,794000,794000,794000,0,0,R1決算書p15
2019,13,国庫支出金,1,国庫負担金,3,災害復旧費国庫負担金,19791000,2096000,181659955,203546955,203546956,193599793,0,9947163,R1決算書p16
2019,13,国庫支出金,2,国庫補助金,1,総務費国庫補助金,122000,1703000,0,1825000,1825000,1825000,0,0,R1決算書p16
2019,13,国庫支出金,2,国庫補助金,2,民生費国庫補助金,597000,3408000,0,4005000,4005000,4005000,0,0,R1決算書p16
2019,13,国庫支出金,2,国庫補助金,3,衛生費国庫補助金,1093000,-104000,0,989000,989000,989000,0,0,R1決算書p16
2019,13,国庫支出金,2,国庫補助金,4,土木費国庫補助金,42320000,-18082000,14301000,38539000,38539000,28023000,0,10516000,R1決算書p16
2019,13,国庫支出金,2,国庫補助金,5,農林水産業費国庫補助金,9520000,-6369000,51149000,54300000,54300500,54300500,0,0,R1決算書p17
2019,13,国庫支出金,2,国庫補助金,6,教育費国庫補助金,130000,80744000,5535000,86409000,5666000,5666000,0,0,R1決算書p17
2019,13,国庫支出金,2,国庫補助金,7,商工費国庫補助金,750000,1258000,0,2008000,2007500,2007500,0,0,R1決算書p17
2019,13,国庫支出金,3,国庫委託金,1,総務費国庫委託金,3170000,538000,0,3708000,3708393,3708393,0,0,R1決算書p17
2019,13,国庫支出金,3,国庫委託金,2,民生費国庫委託金,1526000,-91000,0,1435000,1426968,1426968,0,0,R1決算書p17
2019,14,県支出金,1,県負担金,1,民生費県負担金,39838000,-2977000,0,36861000,36901071,36901071,0,0,R1決算書p18
2019,14,県支出金,2,県補助金,1,総務費県補助金,12745000,8561000,0,21306000,12306000,12306000,0,0,R1決算書p18
2019,14,県支出金,2,県補助金,2,民生費県補助金,3466000,334000,0,3800000,3799000,3799000,0,0,R1決算書p18
2019,14,県支出金,2,県補助金,3,衛生費県補助金,1493000,77000,0,1570000,1570000,1570000,0,0,R1決算書p19
2019,14,県支出金,2,県補助金,4,農林水産業費県補助金,36060000,-7225000,0,28835000,28828924,28828924,0,0,R1決算書p19
2019,14,県支出金,2,県補助金,5,土木費県補助金,146000,-98000,0,48000,48250,48250,0,0,R1決算書p20
2019,14,県支出金,2,県補助金,8,教育費県補助金,25000,0,0,25000,25000,25000,0,0,R1決算書p20
2019,14,県支出金,2,県補助金,9,災害復旧費県補助金,0,0,15791000,15791000,15791000,15791000,0,0,R1決算書p20
2019,14,県支出金,3,県委託金,1,総務費県委託金,4714000,-230000,0,4484000,4488508,4488508,0,0,R1決算書p20
2019,14,県支出金,3,県委託金,2,民生費県委託金,1000,0,0,1000,820,820,0,0,R1決算書p20
2019,14,県支出金,3,県委託金,3,農林水産業費県委託金,335000,114000,0,449000,449000,449000,0,0,R1決算書p21
2019,15,財産収入,1,財産運用収入,1,財産貸付収入,2183000,264000,0,2447000,2538751,2465985,0,72766,R1決算書p21
2019,15,財産収入,1,財産運用収入,2,利子及び配当金,7590000,-1000,0,7589000,7515459,7515459,0,0,R1決算書p21
2019,15,財産収入,2,財産売払収入,1,不動産売払収入,2000000,-1264000,0,736000,736055,736055,0,0,R1決算書p21
2019,15,財産収入,2,財産売払収入,3,生産物売払収入,363000,-359000,0,4000,3410,3410,0,0,R1決算書p21
2019,16,寄付金,1,寄付金,1,寄付金,7700000,910000,0,8610000,8900000,8900000,0,0,R1決算書p22
2019,17,繰入金,1,基金繰入金,1,財政調整基金繰入金,0,0,0,0,0,0,0,0,R1決算書p22
2019,17,繰入金,1,基金繰入金,2,減債基金繰入金,83000000,-83000000,0,0,0,0,0,0,R1決算書p22
2019,17,繰入金,1,基金繰入金,3,公共施設等整備基金繰入金,171000000,-28489000,0,142511000,142511000,142511000,0,0,R1決算書p22
2019,17,繰入金,1,基金繰入金,5,ふるさとづくり基金繰入金,3000000,0,0,3000000,4500000,4500000,0,0,R1決算書p22
2019,18,繰越金,1,繰越金,1,前年度繰越金,30000000,23815000,150224245,204039245,204040218,204040218,0,0,R1決算書p22
2019,19,諸収入,1,延滞金加算金及び過料,1,延滞金,6000,-2000,0,4000,4600,4600,0,0,R1決算書p23
2019,19,諸収入,2,預金利子,1,村預金利子,121000,0,0,121000,33288,33288,0,0,R1決算書p23
2019,19,諸収入,3,貸付金元利収入,1,貸付金元利収入,300000,-300000,0,0,0,0,0,0,R1決算書p23
2019,19,諸収入,3,貸付金元利収入,2,奨学資金貸付金元利収入,50000,0,0,50000,50000,50000,0,0,R1決算書p23
2019,19,諸収入,4,受託事業収入,1,農林水産業費受託事業収入,12330000,-12125000,0,205000,200081,200081,0,0,R1決算書p23
2019,19,諸収入,4,受託事業収入,2,授産事業受託収入,5558000,360000,0,5918000,5918995,5918995,0,0,R1決算書p23
2019,19,諸収入,4,受託事業収入,3,特定健康診査等受託料,1022000,-122000,0,900000,900300,900300,0,0,R1決算書p24
2019,19,諸収入,5,雑入,1,雑入,26238000,136877000,46840800,209955800,208937187,208165610,0,771577,R1決算書p24
2019,19,諸収入,5,雑入,4,介護給付費収入,5160000,679000,0,5839000,5839440,5839440,0,0,R1決算書p26
2019,20,村債,1,村債,1,総務債,315900000,500000,8600000,325000000,91200000,91200000,0,0,R1決算書p26
2019,20,村債,1,村債,3,災害復旧債,13200000,-13000000,11500000,11700000,11600000,11600000,0,0,R1決算書p26
2019,20,村債,1,村債,4,教育債,0,0,14100000,14100000,14100000,14100000,0,0,R1決算書p26
2020,1,村税,1,村民税,1,個人村民税,24208000,2414000,0,26622000,26635404,26579678,0,55726,R2決算書p10
2020,1,村税,1,村民税,2,法人村民税,19942000,1642000,0,21584000,21585600,15840000,0,5745600,R2決算書p10
2020,1,村税,2,固定資産税,1,固定資産税,44873000,1691000,0,46564000,46563100,46518692,0,44408,R2決算書p10
2020,1,村税,2,固定資産税,2,国有資産等所在市町村交付金及び納付金,91352000,0,0,91352000,91353400,91353400,0,0,R2決算書p10
2020,1,村税,3,軽自動車税,1,軽自動車税,1000,0,0,1000,0,0,0,0,R2決算書p10
2020,1,村税,3,軽自動車税,2,環境性能割,30000,191000,0,221000,221700,221700,0,0,R2決算書p10
2020,1,村税,3,軽自動車税,3,種別割,4834000,162000,0,4996000,4996300,4996300,0,0,R2決算書p10
2020,1,村税,4,村たばこ税,1,村たばこ税,2508000,116000,0,2624000,2624120,2624120,0,0,R2決算書p11
2020,1,村税,8,入湯税,1,入湯税,186000,-4000,0,182000,182250,182250,0,0,R2決算書p11
2020,2,地方譲与税,1,地方揮発油譲与税,1,地方揮発油譲与税,6831000,-614000,0,6217000,6217000,6217000,0,0,R2決算書p11
2020,2,地方譲与税,2,自動車重量譲与税,1,自動車重量譲与税,18364000,-274000,0,18090000,18090000,18090000,0,0,R2決算書p11
2020,2,地方譲与税,5,森林環境譲与税,1,森林環境譲与税,11700000,12000,0,11712000,11712000,11712000,0,0,R2決算書p11
2020,3,利子割交付金,1,利子割交付金,1,利子割交付金,89000,-32000,0,57000,57000,57000,0,0,R2決算書p11
2020,4,配当割交付金,1,配当割交付金,1,配当割交付金,222000,31000,0,253000,253000,253000,0,0,R2決算書p12
2020,5,株式等譲渡所得割交付金,1,株式等譲渡所得割交付金,1,株式等譲渡所得割交付金,223000,70000,0,293000,293000,293000,0,0,R2決算書p12
2020,6,法人事業税交付金,1,法人事業税交付金,1,法人事業税交付金,1600000,44000,0,1644000,1644000,1644000,0,0,R2決算書p12
2020,7,地方消費税交付金,1,地方消費税交付金,1,地方消費税交付金,19344000,3907000,0,23251000,23251000,23251000,0,0,R2決算書p12
2020,8,環境性能割交付金,1,環境性能割交付金,1,環境性能割交付金,2253000,-573000,0,1680000,1680000,1680000,0,0,R2決算書p12
2020,9,地方特例交付金,1,地方特例交付金,1,地方特例交付金,236000,932000,0,1168000,1168000,1168000,0,0,R2決算書p12
2020,10,地方交付税,1,地方交付税,1,地方交付税,950000000,351671000,0,1301671000,1301671000,1301671000,0,0,R2決算書p13
2020,11,分担金及び負担金,2,負担金,2,民生費負担金,617000,20000,0,637000,637280,637280,0,0,R2決算書p13
2020,11,分担金及び負担金,2,負担金,3,農林水産業費負担金,0,39000,0,39000,51144,51144,0,0,R2決算書p13
2020,12,使用料及び手数料,1,使用料,2,民生使用料,48000,155000,0,203000,205270,205270,0,0,R2決算書p13
2020,12,使用料及び手数料,1,使用料,3,農林使用料,296000,1684000,0,1980000,1980945,909974,0,1070971,R2決算書p13
2020,12,使用料及び手数料,1,使用料,4,商工使用料,2409000,-42000,0,2367000,2356060,1288060,0,1068000,R2決算書p14
2020,12,使用料及び手数料,1,使用料,5,土木使用料,15266000,-34000,0,15232000,15232334,15232334,0,0,R2決算書p14
2020,12,使用料及び手数料,1,使用料,7,教育施設使用料,3445000,-1519000,0,1926000,1928545,1928545,0,0,R2決算書p14
2020,12,使用料及び手数料,2,手数料,1,総務手数料,809000,-96000,0,713000,714100,714100,0,0,R2決算書p14
2020,12,使用料及び手数料,2,手数料,3,衛生費手数料,1389000,-100000,0,1289000,1289050,1289050,0,0,R2決算書p15
2020,13,国庫支出金,1,国庫負担金,1,民生費国庫負担金,45702000,-3731000,0,41971000,42240442,42240442,0,0,R2決算書p15
2020,13,国庫支出金,1,国庫負担金,3,災害復旧費国庫負担金,0,79151000,0,79151000,45557992,45557992,0,0,R2決算書p15
2020,13,国庫支出金,2,国庫補助金,1,総務費国庫補助金,9426000,204928000,0,214354000,183139824,183139824,0,0,R2決算書p15
2020,13,国庫支出金,2,国庫補助金,2,民生費国庫補助金,636000,1552000,0,2188000,2188000,2188000,0,0,R2決算書p16
2020,13,国庫支出金,2,国庫補助金,3,衛生費国庫補助金,552000,1607000,0,2159000,2159446,2159446,0,0,R2決算書p16
2020,13,国庫支出金,2,国庫補助金,4,土木費国庫補助金,125234000,-6742000,10516000,129008000,57228000,57228000,0,0,R2決算書p16
2020,13,国庫支出金,2,国庫補助金,5,農林水産業費国庫補助金,25050000,-1039000,0,24011000,24011600,24011600,0,0,R2決算書p16
2020,13,国庫支出金,2,国庫補助金,6,教育費国庫補助金,130000,1912000,80744000,82786000,82786000,82786000,0,0,R2決算書p17
2020,13,国庫支出金,2,国庫補助金,7,商工費国庫補助金,750000,-750000,0,0,0,0,0,0,R2決算書p17
2020,13,国庫支出金,3,国庫委託金,1,総務費国庫委託金,166000,18000,0,184000,184000,184000,0,0,R2決算書p17
2020,13,国庫支出金,3,国庫委託金,2,民生費国庫委託金,1396000,59000,0,1455000,1363295,1363295,0,0,R2決算書p17
2020,14,県支出金,1,県負担金,1,民生費県負担金,38877000,-5563000,0,33314000,33351302,33351302,0,0,R2決算書p17
2020,14,県支出金,2,県補助金,1,総務費県補助金,6626000,0,9000000,15626000,15626000,15626000,0,0,R2決算書p18
2020,14,県支出金,2,県補助金,2,民生費県補助金,3735000,-392000,0,3343000,3343000,3343000,0,0,R2決算書p18
2020,14,県支出金,2,県補助金,3,衛生費県補助金,1057000,135000,0,1192000,1192000,1192000,0,0,R2決算書p19
2020,14,県支出金,2,県補助金,4,農林水産業費県補助金,10294000,-3463000,0,6831000,6948459,6948459,0,0,R2決算書p19
2020,14,県支出金,2,県補助金,5,土木費県補助金,146000,-98000,0,48000,48250,48250,0,0,R2決算書p19
2020,14,県支出金,2,県補助金,7,商工費県補助金,3652000,5241000,0,8893000,8893000,8893000,0,0,R2決算書p19
2020,14,県支出金,2,県補助金,8,教育費県補助金,25000,0,0,25000,25000,25000,0,0,R2決算書p20
2020,14,県支出金,3,県委託金,1,総務費県委託金,3672000,-61000,0,3611000,3612741,3612741,0,0,R2決算書p20
2020,14,県支出金,3,県委託金,2,民生費県委託金,1000,0,0,1000,820,820,0,0,R2決算書p20
2020,14,県支出金,3,県委託金,3,農林水産業費県委託金,449000,27000,0,476000,476000,476000,0,0,R2決算書p20
2020,15,財産収入,1,財産運用収入,1,財産貸付収入,2497000,1485000,0,3982000,3673996,3673996,0,0,R2決算書p20
2020,15,財産収入,1,財産運用収入,2,利子及び配当金,7297000,-961000,0,6336000,6562428,6562428,0,0,R2決算書p21
2020,15,財産収入,2,財産売払収入,1,不動産売払収入,2000000,1338000,0,3338000,3338212,3338212,0,0,R2決算書p21
2020,15,財産収入,2,財産売払収入,3,生産物売払収入,176000,-33000,0,143000,143680,143680,0,0,R2決算書p21
2020,16,寄付金,1,寄付金,1,寄付金,8400000,9180000,0,17580000,17630072,17630072,0,0,R2決算書p21
2020,17,繰入金,1,基金繰入金,1,財政調整基金繰入金,0,0,0,0,0,0,0,0,R2決算書p22
2020,17,繰入金,1,基金繰入金,2,減債基金繰入金,150000000,-150000000,0,0,0,0,0,0,R2決算書p22
2020,17,繰入金,1,基金繰入金,5,ふるさとづくり基金繰入金,3500000,500000,0,4000000,4000000,4000000,0,0,R2決算書p22
2020,18,繰越金,1,繰越金,1,前年度繰越金,30000000,38550000,287402837,355952837,355953587,355953587,0,0,R2決算書p22
2020,19,諸収入,1,延滞金加算金及び過料,1,延滞金,7000,1000,0,8000,8000,8000,0,0,R2決算書p22
2020,19,諸収入,2,預金利子,1,村預金利子,121000,2000,0,123000,10182,10182,0,0,R2決算書p22
2020,19,諸収入,3,貸付金元利収入,1,貸付金元利収入,300000,-300000,0,0,0,0,0,0,R2決算書p23
2020,19,諸収入,4,受託事業収入,1,農林水産業費受託事業収入,5182000,-470000,0,4712000,4748516,4748516,0,0,R2決算書p23
2020,19,諸収入,4,受託事業収入,2,授産事業受託収入,6330000,-1876000,0,4454000,4453923,4453923,0,0,R2決算書p23
2020,19,諸収入,4,受託事業収入,3,特定健康診査等受託料,1042000,-83000,0,959000,959980,959980,0,0,R2決算書p23
2020,19,諸収入,5,雑入,1,雑入,25337000,20622000,0,45959000,42140845,42138559,0,2286,R2決算書p23
2020,19,諸収入,5,雑入,4,介護給付費収入,5760000,800000,0,6560000,6577080,6577080,0,0,R2決算書p25
2020,20,村債,1,村債,1,総務債,256000000,-64000000,231000000,423000000,371600000,371600000,0,0,R2決算書p25
2020,20,村債,1,村債,2,土木債,3400000,-1000000,0,2400000,2400000,2400000,0,0,R2決算書p25
2020,20,村債,1,村債,3,災害復旧債,0,26500000,100000,26600000,24000000,24000000,0,0,R2決算書p26
2021,1,村税,1,村民税,1,個人村民税,25429000,787000,0,26216000,26275729,25808176,0,467553,R3決算書p10
2021,1,村税,1,村民税,2,法人村民税,22604000,-6739000,0,15865000,15866200,15766200,0,100000,R3決算書p10
2021,1,村税,2,固定資産税,1,固定資産税,45031000,-895000,0,44136000,44136008,44067738,0,68270,R3決算書p10
2021,1,村税,2,固定資産税,2,国有資産等所在市町村交付金及び納付金,88205000,0,0,88205000,88207100,88207100,0,0,R3決算書p10
2021,1,村税,3,軽自動車税,1,軽自動車税,1000,-1000,0,0,0,0,0,0,R3決算書p10
2021,1,村税,3,軽自動車税,2,環境性能割,252000,43000,0,295000,295100,295100,0,0,R3決算書p10
2021,1,村税,3,軽自動車税,3,種別割,4996000,29000,0,5025000,5025000,5025000,0,0,R3決算書p10
2021,1,村税,4,村たばこ税,1,村たばこ税,2436000,-138000,0,2298000,2298258,2298258,0,0,R3決算書p11
2021,1,村税,8,入湯税,1,入湯税,150000,-54000,0,96000,96000,96000,0,0,R3決算書p11
2021,2,地方譲与税,1,地方揮発油譲与税,1,地方揮発油譲与税,6061000,379000,0,6440000,6440000,6440000,0,0,R3決算書p11
2021,2,地方譲与税,2,自動車重量譲与税,1,自動車重量譲与税,17899000,518000,0,18417000,18417000,18417000,0,0,R3決算書p11
2021,2,地方譲与税,5,森林環境譲与税,1,森林環境譲与税,11700000,54000,0,11754000,11754000,11754000,0,0,R3決算書p11
2021,3,利子割交付金,1,利子割交付金,1,利子割交付金,55000,-10000,0,45000,45000,45000,0,0,R3決算書p11
2021,4,配当割交付金,1,配当割交付金,1,配当割交付金,262000,101000,0,363000,363000,363000,0,0,R3決算書p12
2021,5,株式等譲渡所得割交付金,1,株式等譲渡所得割交付金,1,株式等譲渡所得割交付金,165000,227000,0,392000,392000,392000,0,0,R3決算書p12
2021,6,法人事業税交付金,1,法人事業税交付金,1,法人事業税交付金,1500000,1684000,0,3184000,3184000,3184000,0,0,R3決算書p12
2021,7,地方消費税交付金,1,地方消費税交付金,1,地方消費税交付金,21517000,3895000,0,25412000,25412000,25412000,0,0,R3決算書p12
2021,8,環境性能割交付金,1,環境性能割交付金,1,環境性能割交付金,1948000,-120000,0,1828000,1828000,1828000,0,0,R3決算書p12
2021,9,地方特例交付金,1,地方特例交付金,1,地方特例交付金,879000,3859000,0,4738000,4738000,4738000,0,0,R3決算書p12
2021,10,地方交付税,1,地方交付税,1,地方交付税,1000000000,370096000,0,1370096000,1370096000,1370096000,0,0,R3決算書p13
2021,11,分担金及び負担金,2,負担金,2,民生費負担金,617000,76000,0,693000,693300,693300,0,0,R3決算書p13
2021,11,分担金及び負担金,2,負担金,3,農林水産業費負担金,0,718000,0,718000,0,0,0,0,R3決算書p13
2021,12,使用料及び手数料,1,使用料,2,民生使用料,48000,267000,0,315000,316260,316260,0,0,R3決算書p13
2021,12,使用料及び手数料,1,使用料,3,農林使用料,1196000,1004000,0,2200000,2201440,2201440,0,0,R3決算書p13
2021,12,使用料及び手数料,1,使用料,4,商工使用料,1912000,-367000,0,1545000,2613200,2613200,0,0,R3決算書p14
2021,12,使用料及び手数料,1,使用料,5,土木使用料,15527000,-804000,0,14723000,14723662,14723662,0,0,R3決算書p14
2021,12,使用料及び手数料,1,使用料,7,教育施設使用料,3374000,-939000,0,2435000,2406785,2406785,0,0,R3決算書p14
2021,12,使用料及び手数料,2,手数料,1,総務手数料,774000,41000,0,815000,816600,816600,0,0,R3決算書p14
2021,12,使用料及び手数料,2,手数料,3,衛生費手数料,1473000,-174000,0,1299000,1299100,1299100,0,0,R3決算書p15
2021,13,国庫支出金,1,国庫負担金,1,民生費国庫負担金,45965000,9628000,0,55593000,55596048,55596048,0,0,R3決算書p15
2021,13,国庫支出金,1,国庫負担金,2,衛生費国庫負担金,0,4362000,0,4362000,4362347,4362347,0,0,R3決算書p15
2021,13,国庫支出金,1,国庫負担金,3,災害復旧費国庫負担金,219203000,18214000,46291000,283708000,115275529,115275529,0,0,R3決算書p15
2021,13,国庫支出金,2,国庫補助金,1,総務費国庫補助金,8107000,103912000,31119000,143138000,121834027,121834027,0,0,R3決算書p16
2021,13,国庫支出金,2,国庫補助金,2,民生費国庫補助金,16428000,3071000,0,19499000,19499960,19499960,0,0,R3決算書p16
2021,13,国庫支出金,2,国庫補助金,3,衛生費国庫補助金,497000,8488000,0,8985000,8985800,8985800,0,0,R3決算書p17
2021,13,国庫支出金,2,国庫補助金,4,土木費国庫補助金,100384000,706000,71779000,172869000,74699000,74699000,0,0,R3決算書p17
2021,13,国庫支出金,2,国庫補助金,5,農林水産業費国庫補助金,25250000,-1957000,0,23293000,16088000,16088000,0,0,R3決算書p17
2021,13,国庫支出金,2,国庫補助金,6,教育費国庫補助金,92779000,-637000,0,92142000,92142000,92142000,0,0,R3決算書p17
2021,13,国庫支出金,2,国庫補助金,7,商工費国庫補助金,750000,0,0,750000,0,0,0,0,R3決算書p17
2021,13,国庫支出金,3,国庫委託金,1,総務費国庫委託金,6784000,373000,0,7157000,7156761,7156761,0,0,R3決算書p18
2021,13,国庫支出金,3,国庫委託金,2,民生費国庫委託金,1256000,0,0,1256000,1256968,1256968,0,0,R3決算書p18
2021,14,県支出金,1,県負担金,1,民生費県負担金,36002000,-3351000,0,32651000,32441164,32441164,0,0,R3決算書p18
2021,14,県支出金,2,県補助金,1,総務費県補助金,16680000,-1425000,0,15255000,15255000,15255000,0,0,R3決算書p19
2021,14,県支出金,2,県補助金,2,民生費県補助金,3603000,239000,0,3842000,3840476,3840476,0,0,R3決算書p19
2021,14,県支出金,2,県補助金,3,衛生費県補助金,985000,-103000,0,882000,882000,882000,0,0,R3決算書p19
2021,14,県支出金,2,県補助金,4,農林水産業費県補助金,10855000,-3493000,0,7362000,7363763,7363763,0,0,R3決算書p20
2021,14,県支出金,2,県補助金,5,土木費県補助金,146000,-98000,0,48000,48250,48250,0,0,R3決算書p20
2021,14,県支出金,2,県補助金,7,商工費県補助金,1631000,3485000,0,5116000,5116000,5116000,0,0,R3決算書p20
2021,14,県支出金,2,県補助金,8,教育費県補助金,25000,0,0,25000,25000,25000,0,0,R3決算書p20
2021,14,県支出金,3,県委託金,1,総務費県委託金,2323000,-21000,0,2302000,2303291,2303291,0,0,R3決算書p20
2021,14,県支出金,3,県委託金,2,民生費県委託金,1000,0,0,1000,820,820,0,0,R3決算書p21
2021,14,県支出金,3,県委託金,3,農林水産業費県委託金,449000,396000,0,845000,845000,845000,0,0,R3決算書p21
2021,15,財産収入,1,財産運用収入,1,財産貸付収入,3502000,143000,0,3645000,3181494,3181494,0,0,R3決算書p21
2021,15,財産収入,1,財産運用収入,2,利子及び配当金,6628000,-1302000,0,5326000,5329278,5329278,0,0,R3決算書p21
2021,15,財産収入,2,財産売払収入,1,不動産売払収入,1680000,-911000,0,769000,770475,770475,0,0,R3決算書p22
2021,15,財産収入,2,財産売払収入,3,生産物売払収入,176000,-19000,0,157000,157680,157680,0,0,R3決算書p22
2021,15,財産収入,2,財産売払収入,4,出資金返還収入,0,50000,0,50000,50000,50000,0,0,R3決算書p22
2021,16,寄付金,1,寄付金,1,寄付金,5450000,548000,0,5998000,5998900,5998900,0,0,R3決算書p22
2021,17,繰入金,1,基金繰入金,1,財政調整基金繰入金,0,0,0,0,0,0,0,0,R3決算書p22
2021,17,繰入金,1,基金繰入金,2,減債基金繰入金,78000000,-78000000,0,0,0,0,0,0,R3決算書p22
2021,17,繰入金,1,基金繰入金,4,文教施設整備基金繰入金,15000000,-15000000,0,0,0,0,0,0,R3決算書p23
2021,17,繰入金,1,基金繰入金,5,ふるさとづくり基金繰入金,41450000,-28960000,0,12490000,12490000,12490000,0,0,R3決算書p23
2021,18,繰越金,1,繰越金,1,前年度繰越金,30000000,76768000,41582640,148350640,148351017,148351017,0,0,R3決算書p23
2021,19,諸収入,1,延滞金加算金及び過料,1,延滞金,4000,3000,0,7000,7700,7700,0,0,R3決算書p23
2021,19,諸収入,2,預金利子,1,村預金利子,121000,2000,0,123000,26237,26237,0,0,R3決算書p23
2021,19,諸収入,3,貸付金元利収入,1,貸付金元利収入,300000,-300000,0,0,0,0,0,0,R3決算書p23
2021,19,諸収入,4,受託事業収入,1,農林水産業費受託事業収入,714000,-15000,0,699000,696200,696200,0,0,R3決算書p24
2021,19,諸収入,4,受託事業収入,2,授産事業受託収入,4693000,-1049000,0,3644000,3643608,3643608,0,0,R3決算書p24
2021,19,諸収入,4,受託事業収入,3,特定健康診査等受託料,1042000,-219000,0,823000,823240,823240,0,0,R3決算書p24
2021,19,諸収入,5,雑入,1,雑入,22126000,-422000,2871000,24575000,24307616,24306316,0,1300,R3決算書p24
2021,19,諸収入,5,雑入,4,介護給付費収入,6000000,1531000,0,7531000,7531890,7531890,0,0,R3決算書p26
2021,20,村債,1,村債,1,総務債,292100000,-38774000,51400000,304726000,251026000,251026000,0,0,R3決算書p26
2021,20,村債,1,村債,2,土木債,0,1400000,0,1400000,1400000,1400000,0,0,R3決算書p26
2021,20,村債,1,村債,3,災害復旧債,22900000,-4500000,2600000,21000000,8000000,8000000,0,0,R3決算書p26
2022,1,村税,1,村民税,1,個人村民税,25799000,-429000,0,25370000,25537444,25051788,0,485656,R4決算書p10
2022,1,村税,1,村民税,2,法人村民税,15931000,-639000,0,15292000,15291800,15141800,0,150000,R4決算書p10
2022,1,村税,2,固定資産税,1,固定資産税,43788000,7215000,0,51003000,51004070,50692300,0,311770,R4決算書p10
2022,1,村税,2,固定資産税,2,国有資産等所在市町村交付金及び納付金,86143000,0,0,86143000,86144000,86144000,0,0,R4決算書p10
2022,1,村税,3,軽自動車税,1,軽自動車税,1000,-1000,0,0,0,0,0,0,R4決算書p10
2022,1,村税,3,軽自動車税,2,環境性能割,230000,266000,0,496000,496300,496300,0,0,R4決算書p10
2022,1,村税,3,軽自動車税,3,種別割,5196000,-194000,0,5002000,5001700,5001700,0,0,R4決算書p10
2022,1,村税,4,村たばこ税,1,村たばこ税,2495000,-116000,0,2379000,2209577,2209577,0,0,R4決算書p11
2022,1,村税,8,入湯税,1,入湯税,96000,0,0,96000,96000,96000,0,0,R4決算書p11
2022,2,地方譲与税,1,地方揮発油譲与税,1,地方揮発油譲与税,6210000,-68000,0,6142000,6142000,6142000,0,0,R4決算書p11
2022,2,地方譲与税,2,自動車重量譲与税,1,自動車重量譲与税,18511000,-123000,0,18388000,18388000,18388000,0,0,R4決算書p11
2022,2,地方譲与税,5,森林環境譲与税,1,森林環境譲与税,15200000,-576000,0,14624000,14624000,14624000,0,0,R4決算書p11
2022,3,利子割交付金,1,利子割交付金,1,利子割交付金,53000,-28000,0,25000,25000,25000,0,0,R4決算書p11
2022,4,配当割交付金,1,配当割交付金,1,配当割交付金,254000,59000,0,313000,313000,313000,0,0,R4決算書p12
2022,5,株式等譲渡所得割交付金,1,株式等譲渡所得割交付金,1,株式等譲渡所得割交付金,223000,2000,0,225000,225000,225000,0,0,R4決算書p12
2022,6,法人事業税交付金,1,法人事業税交付金,1,法人事業税交付金,2148000,951000,0,3099000,3099000,3099000,0,0,R4決算書p12
2022,7,地方消費税交付金,1,地方消費税交付金,1,地方消費税交付金,22961000,3773000,0,26734000,26734000,26734000,0,0,R4決算書p12
2022,8,環境性能割交付金,1,環境性能割交付金,1,環境性能割交付金,1625000,132000,0,1757000,1757000,1757000,0,0,R4決算書p12
2022,9,地方特例交付金,1,地方特例交付金,1,地方特例交付金,693000,-590000,0,103000,103000,103000,0,0,R4決算書p12
2022,10,地方交付税,1,地方交付税,1,地方交付税,1020000000,326473000,0,1346473000,1346473000,1346473000,0,0,R4決算書p13
2022,11,分担金及び負担金,2,負担金,2,民生費負担金,705000,-45000,0,660000,660900,660900,0,0,R4決算書p13
2022,11,分担金及び負担金,2,負担金,3,農林水産業費負担金,0,0,718200,718200,261774,261774,0,0,R4決算書p13
2022,12,使用料及び手数料,1,使用料,2,民生使用料,118000,308000,0,426000,426500,426500,0,0,R4決算書p13
2022,12,使用料及び手数料,1,使用料,3,農林使用料,1273000,-288000,0,985000,984964,984964,0,0,R4決算書p13
2022,12,使用料及び手数料,1,使用料,4,商工使用料,1569000,14000,0,1583000,1583800,1583800,0,0,R4決算書p14
2022,12,使用料及び手数料,1,使用料,5,土木使用料,15216000,-144000,0,15072000,15072897,15072897,0,0,R4決算書p14
2022,12,使用料及び手数料,1,使用料,7,教育施設使用料,3487000,-533000,0,2954000,2955975,2955975,0,0,R4決算書p14
2022,12,使用料及び手数料,2,手数料,1,総務手数料,739000,199000,0,938000,938850,938850,0,0,R4決算書p14
2022,12,使用料及び手数料,2,手数料,3,衛生費手数料,1450000,-227000,0,1223000,1223250,1223250,0,0,R4決算書p15
2022,13,国庫支出金,1,国庫負担金,1,民生費国庫負担金,45384000,-1669000,0,43715000,43707809,43707809,0,0,R4決算書p15
2022,13,国庫支出金,1,国庫負担金,2,衛生費国庫負担金,910000,2554000,0,3464000,3464802,3464802,0,0,R4決算書p15
2022,13,国庫支出金,1,国庫負担金,3,災害復旧費国庫負担金,50589000,211739000,150600000,412928000,82110191,82110191,0,0,R4決算書p15
2022,13,国庫支出金,2,国庫補助金,1,総務費国庫補助金,4879000,43780000,8306000,56965000,52160008,52160008,0,0,R4決算書p16
2022,13,国庫支出金,2,国庫補助金,2,民生費国庫補助金,2477000,-647000,0,1830000,1887636,1887636,0,0,R4決算書p16
2022,13,国庫支出金,2,国庫補助金,3,衛生費国庫補助金,1555000,393000,0,1948000,1948754,1948754,0,0,R4決算書p16
2022,13,国庫支出金,2,国庫補助金,4,土木費国庫補助金,60238000,-10285000,79795000,129748000,118585000,118585000,0,0,R4決算書p17
2022,13,国庫支出金,2,国庫補助金,5,農林水産業費国庫補助金,31590000,-2982000,6545000,35153000,35425000,35425000,0,0,R4決算書p17
2022,13,国庫支出金,2,国庫補助金,6,教育費国庫補助金,632000,4486000,0,5118000,5118000,5118000,0,0,R4決算書p17
2022,13,国庫支出金,2,国庫補助金,7,商工費国庫補助金,750000,-750000,0,0,0,0,0,0,R4決算書p17
2022,13,国庫支出金,3,国庫委託金,1,総務費国庫委託金,3183000,-97000,0,3086000,4213277,4213277,0,0,R4決算書p18
2022,13,国庫支出金,3,国庫委託金,2,民生費国庫委託金,1363000,-21000,0,1342000,1342691,1342691,0,0,R4決算書p18
2022,14,県支出金,1,県負担金,1,民生費県負担金,36168000,-5003000,0,31165000,31139517,31139517,0,0,R4決算書p18
2022,14,県支出金,2,県補助金,1,総務費県補助金,12471000,2115000,0,14586000,14415000,14415000,0,0,R4決算書p18
2022,14,県支出金,2,県補助金,2,民生費県補助金,4010000,242000,0,4252000,4263817,4263817,0,0,R4決算書p19
2022,14,県支出金,2,県補助金,3,衛生費県補助金,972000,-18000,0,954000,954000,954000,0,0,R4決算書p19
2022,14,県支出金,2,県補助金,4,農林水産業費県補助金,15685000,-8856000,0,6829000,6830858,6830858,0,0,R4決算書p19
2022,14,県支出金,2,県補助金,5,土木費県補助金,146000,-98000,0,48000,48250,48250,0,0,R4決算書p20
2022,14,県支出金,2,県補助金,7,商工費県補助金,1650000,4550000,0,6200000,6200000,6200000,0,0,R4決算書p20
2022,14,県支出金,2,県補助金,8,教育費県補助金,25000,0,0,25000,25000,25000,0,0,R4決算書p20
2022,14,県支出金,3,県委託金,1,総務費県委託金,5035000,975000,0,6010000,6011773,6011773,0,0,R4決算書p20
2022,14,県支出金,3,県委託金,2,民生費県委託金,1000,0,0,1000,1230,1230,0,0,R4決算書p21
2022,14,県支出金,3,県委託金,3,農林水産業費県委託金,845000,1000,0,846000,846000,846000,0,0,R4決算書p21
2022,15,財産収入,1,財産運用収入,1,財産貸付収入,3472000,497000,0,3969000,3971261,3911261,0,60000,R4決算書p21
2022,15,財産収入,1,財産運用収入,2,利子及び配当金,5870000,-2070000,0,3800000,3801999,3801999,0,0,R4決算書p21
2022,15,財産収入,2,財産売払収入,1,不動産売払収入,1520000,381000,0,1901000,1841299,1841299,0,0,R4決算書p22
2022,15,財産収入,2,財産売払収入,3,生産物売払収入,176000,-91000,0,85000,85000,85000,0,0,R4決算書p22
2022,16,寄付金,1,寄付金,1,寄付金,8700000,-4961000,0,3739000,3739000,3739000,0,0,R4決算書p22
2022,17,繰入金,1,基金繰入金,2,減債基金繰入金,122000000,-122000000,0,0,0,0,0,0,R4決算書p22
2022,17,繰入金,1,基金繰入金,3,公共施設等整備基金繰入金,14000000,-14000000,0,0,0,0,0,0,R4決算書p22
2022,17,繰入金,1,基金繰入金,5,ふるさとづくり基金繰入金,2270000,500000,0,2770000,2770000,2770000,0,0,R4決算書p23
2022,18,繰越金,1,繰越金,1,前年度繰越金,30000000,55396000,0,85396000,153654408,153654408,0,0,R4決算書p23
2022,19,諸収入,1,延滞金加算金及び過料,1,延滞金,4000,18000,0,22000,22400,22400,0,0,R4決算書p23
2022,19,諸収入,2,預金利子,1,村預金利子,121000,-115000,0,6000,5394,5394,0,0,R4決算書p23
2022,19,諸収入,3,貸付金元利収入,1,貸付金元利収入,300000,-300000,0,0,0,0,0,0,R4決算書p23
2022,19,諸収入,4,受託事業収入,1,農林水産業費受託事業収入,2219000,-1989000,0,230000,230800,230800,0,0,R4決算書p23
2022,19,諸収入,4,受託事業収入,2,授産事業受託収入,4547000,-579000,0,3968000,3968985,3968985,0,0,R4決算書p24
2022,19,諸収入,4,受託事業収入,3,特定健康診査等受託料,1042000,-222000,0,820000,820160,820160,0,0,R4決算書p24
2022,19,諸収入,5,雑入,1,雑入,23047000,9583000,0,32630000,21408455,21408455,0,0,R4決算書p24
2022,19,諸収入,5,雑入,4,介護給付費収入,6540000,216000,0,6756000,6756540,6756540,0,0,R4決算書p26
2022,20,村債,1,村債,1,総務債,170300000,-27000000,51400000,194700000,169200000,169200000,0,0,R4決算書p26
2022,20,村債,1,村債,2,土木債,2800000,-2800000,0,0,0,0,0,0,R4決算書p26
2022,20,村債,1,村債,3,災害復旧債,8400000,2900000,13000000,24300000,19100000,19100000,0,0,R4決算書p26
2023,1,村税,1,村民税,1,個人村民税,25237000,2196000,,27433000,27433811,27206925,,226886,R5決算書p7
2023,1,村税,1,村民税,2,法人村民税,14990000,-55000,,14935000,14936700,14895700,,41000,R5決算書p7
2023,1,村税,2,固定資産税,1,固定資産税,49590000,318000,,49908000,49909070,49748700,,160370,R5決算書p7
2023,1,村税,2,固定資産税,2,国有資産等所在市町村交付金及び納付金,83877000,0,,83877000,83878600,83878600,,0,R5決算書p7
2023,1,村税,3,軽自動車税,2,環境性能割,332000,80000,,412000,412300,412300,,0,R5決算書p7
2023,1,村税,3,軽自動車税,3,種別割,5147000,-104000,,5043000,5043400,5017000,,26400,R5決算書p7
2023,1,村税,4,村たばこ税,1,村たばこ税,2253000,270000,,2523000,2523496,2523496,,0,R5決算書p7
2023,1,村税,8,入湯税,1,入湯税,96000,0,,96000,96000,96000,,0,R5決算書p7
2023,2,地方譲与税,1,地方揮発油譲与税,1,地方揮発油譲与税,6610000,-427000,,6183000,6183000,6183000,,0,R5決算書p8
2023,2,地方譲与税,2,自動車重量譲与税,1,自動車重量譲与税,18093000,551000,,18644000,18644000,18644000,,0,R5決算書p8
2023,2,地方譲与税,5,森林環境譲与税,1,森林環境譲与税,15200000,-576000,,14624000,14624000,14624000,,0,R5決算書p8
2023,3,利子割交付金,1,利子割交付金,1,利子割交付金,35000,-16000,,19000,19000,19000,,0,R5決算書p8
2023,4,配当割交付金,1,配当割交付金,1,配当割交付金,395000,-17000,,378000,378000,378000,,0,R5決算書p8
2023,5,株式等譲渡所得割交付金,1,株式等譲渡所得割交付金,1,株式等譲渡所得割交付金,342000,34000,,376000,376000,376000,,0,R5決算書p8
2023,6,法人事業税交付金,1,法人事業税交付金,1,法人事業税交付金,3359000,-1109000,,2250000,2250000,2250000,,0,R5決算書p8
2023,7,地方消費税交付金,1,地方消費税交付金,1,地方消費税交付金,25936000,558000,,26494000,26494000,26494000,,0,R5決算書p8
2023,8,環境性能割交付金,1,環境性能割交付金,1,環境性能割交付金,1879000,337000,,2216000,2216000,2216000,,0,R5決算書p9
2023,9,地方特例交付金,1,地方特例交付金,1,地方特例交付金,103000,8000,,111000,111000,111000,,0,R5決算書p9
2023,10,地方交付税,1,地方交付税,1,地方交付税,1020000000,333823000,,1353823000,1353823000,1353823000,,0,R5決算書p9
2023,11,分担金及び負担金,2,負担金,2,民生費負担金,672000,-20000,,652000,701400,701400,,0,R5決算書p9
2023,11,分担金及び負担金,2,負担金,3,農林水産業費負担金,0,121000,,121000,118425,118425,,0,R5決算書p9
2023,12,使用料及び手数料,1,使用料,2,民生使用料,118000,87000,,205000,206700,205100,,1600,R5決算書p9
2023,12,使用料及び手数料,1,使用料,3,農林使用料,1049000,62000,,1111000,1111663,1111663,,0,R5決算書p9
2023,12,使用料及び手数料,1,使用料,4,商工使用料,1673000,-17000,,1656000,1656400,1656400,,0,R5決算書p10
2023,12,使用料及び手数料,1,使用料,5,土木使用料,14992000,179000,,15171000,15171779,15171779,,0,R5決算書p10
2023,12,使用料及び手数料,1,使用料,7,教育施設使用料,3501000,-853000,,2648000,2650503,2650503,,0,R5決算書p10
2023,12,使用料及び手数料,2,手数料,1,総務手数料,832000,-37000,,795000,798350,798350,,0,R5決算書p10
2023,12,使用料及び手数料,2,手数料,3,衛生費手数料,1463000,-435000,,1028000,1100750,1100750,,0,R5決算書p10
2023,13,国庫支出金,1,国庫負担金,1,民生費国庫負担金,45403000,-2503000,,42900000,43061265,43061265,,0,R5決算書p10
2023,13,国庫支出金,1,国庫負担金,2,衛生費国庫負担金,1821000,-130000,,1691000,1691811,1691811,,0,R5決算書p11
2023,13,国庫支出金,1,国庫負担金,3,災害復旧費国庫負担金,0,4690000,329965000,334655000,285520000,285520000,,0,R5決算書p11
2023,13,国庫支出金,2,国庫補助金,1,総務費国庫補助金,4683000,40277000,,44960000,37009944,37009944,,0,R5決算書p11
2023,13,国庫支出金,2,国庫補助金,2,民生費国庫補助金,767000,160000,,927000,927000,927000,,0,R5決算書p11
2023,13,国庫支出金,2,国庫補助金,3,衛生費国庫補助金,1560000,536000,,2096000,2096000,2096000,,0,R5決算書p11
2023,13,国庫支出金,2,国庫補助金,4,土木費国庫補助金,88380000,-12152000,28322712,104550712,102109000,102109000,,0,R5決算書p12
2023,13,国庫支出金,2,国庫補助金,5,農林水産業費国庫補助金,12415000,-1336000,,11079000,11079000,11079000,,0,R5決算書p12
2023,13,国庫支出金,2,国庫補助金,6,教育費国庫補助金,1132000,1874000,,3006000,1450000,1450000,,0,R5決算書p12
2023,13,国庫支出金,2,国庫補助金,7,商工費国庫補助金,1500000,-1500000,,0,0,0,,0,R5決算書p12
2023,13,国庫支出金,3,国庫委託金,1,総務費国庫委託金,173000,3000,,176000,176000,176000,,0,R5決算書p12
2023,13,国庫支出金,3,国庫委託金,2,民生費国庫委託金,1256000,-547000,,709000,709582,709582,,0,R5決算書p12
2023,14,県支出金,1,県負担金,1,民生費県負担金,35223000,-4079000,,31144000,30684151,30684151,,0,R5決算書p12
2023,14,県支出金,2,県補助金,1,総務費県補助金,10733000,-266000,,10467000,10467000,10467000,,0,R5決算書p13
2023,14,県支出金,2,県補助金,2,民生費県補助金,4288000,672000,,4960000,5430000,5430000,,0,R5決算書p13
2023,14,県支出金,2,県補助金,3,衛生費県補助金,1577000,51000,,1628000,1628000,1628000,,0,R5決算書p13
2023,14,県支出金,2,県補助金,4,農林水産業費県補助金,8295000,-1239000,,7056000,6781974,6781974,,0,R5決算書p14
2023,14,県支出金,2,県補助金,5,土木費県補助金,146000,-49000,,97000,97500,97500,,0,R5決算書p14
2023,14,県支出金,2,県補助金,8,教育費県補助金,25000,0,,25000,25000,25000,,0,R5決算書p14
2023,14,県支出金,2,県補助金,10,消防費県補助金,1470000,693000,,2163000,2163000,2163000,,0,R5決算書p14
2023,14,県支出金,3,県委託金,1,総務費県委託金,2716000,914000,,3630000,3631806,3631806,,0,R5決算書p14
2023,14,県支出金,3,県委託金,2,民生費県委託金,1000,0,,1000,1230,1230,,0,R5決算書p14
2023,14,県支出金,3,県委託金,3,農林水産業費県委託金,845000,1000,,846000,846000,846000,,0,R5決算書p15
2023,15,財産収入,1,財産運用収入,1,財産貸付収入,3901000,77000,,3978000,3936908,3936908,,0,R5決算書p15
2023,15,財産収入,1,財産運用収入,2,利子及び配当金,2792000,246000,,3038000,3041505,3041505,,0,R5決算書p15
2023,15,財産収入,2,財産売払収入,1,不動産売払収入,697000,0,,697000,352050,352050,,0,R5決算書p15
2023,15,財産収入,2,財産売払収入,3,生産物売払収入,176000,0,,176000,2920,2920,,0,R5決算書p15
2023,16,寄付金,1,寄付金,1,寄付金,7100000,2520000,,9620000,9620000,9620000,,0,R5決算書p15
2023,17,繰入金,1,基金繰入金,2,減債基金繰入金,131959000,-131959000,,0,0,0,,0,R5決算書p15
2023,17,繰入金,1,基金繰入金,5,ふるさとづくり基金繰入金,1590000,0,,1590000,1590000,1590000,,0,R5決算書p15
2023,17,繰入金,1,基金繰入金,11,森林環境譲与税基金繰入金,411000,-411000,,0,0,0,,0,R5決算書p16
2023,18,繰越金,1,繰越金,1,前年度繰越金,30000000,91500000,,121500000,131500456,131500456,,0,R5決算書p16
2023,19,諸収入,1,延滞金加算金及び過料,1,延滞金,7000,-5000,,2000,2300,2300,,0,R5決算書p16
2023,19,諸収入,2,預金利子,1,村預金利子,101000,-96000,,5000,4730,4730,,0,R5決算書p16
2023,19,諸収入,3,貸付金元利収入,1,貸付金元利収入,300000,0,,300000,0,0,,0,R5決算書p16
2023,19,諸収入,4,受託事業収入,1,農林水産業費受託事業収入,1220000,-268000,,952000,952900,952900,,0,R5決算書p16
2023,19,諸収入,4,受託事業収入,2,授産事業受託収入,5501000,-108000,,5393000,5393585,5393585,,0,R5決算書p16
2023,19,諸収入,4,受託事業収入,3,特定健康診査等受託料,1003000,-177000,,826000,826240,826240,,0,R5決算書p16
2023,19,諸収入,5,雑入,1,雑入,22647000,41265000,1451136,65363136,64616181,64616181,,0,R5決算書p17
2023,19,諸収入,5,雑入,4,介護給付費収入,6912000,0,,6912000,6924560,6924560,,0,R5決算書p17
2023,20,村債,1,村債,1,総務債,408500000,20100000,13700000,442300000,275500000,275500000,,0,R5決算書p17
2023,20,村債,1,村債,2,土木債,4000000,-4000000,,0,0,0,,0,R5決算書p17
2023,20,村債,1,村債,3,災害復旧債,0,0,3300000,3300000,400000,400000,,0,R5決算書p17
2024,1,村税,1,村民税,1,個人村民税,26913000,418000,,27331000,27285697,27035545,,250152,R6決算書p7
2024,1,村税,1,村民税,2,法人村民税,14933000,7359000,,22292000,22292600,22242600,,50000,R6決算書p7
2024,1,村税,2,固定資産税,1,固定資産税,48028000,4636000,,52664000,52664670,52272000,,392670,R6決算書p7
2024,1,村税,2,固定資産税,2,国有資産等所在市町村交付金及び納付金,80702000,0,,80702000,80703000,80703000,,0,R6決算書p7
2024,1,村税,3,軽自動車税,2,環境性能割,500000,-104000,,396000,396600,396600,,0,R6決算書p7
2024,1,村税,3,軽自動車税,3,種別割,5251000,-149000,,5102000,5103000,5075300,,27700,R6決算書p7
2024,1,村税,4,村たばこ税,1,村たばこ税,2542000,-8000,,2534000,2534810,2534810,,0,R6決算書p7
2024,1,村税,8,入湯税,1,入湯税,96000,0,,96000,96000,96000,,0,R6決算書p7
2024,2,地方譲与税,1,地方揮発油譲与税,1,地方揮発油譲与税,6165000,-81000,,6084000,6084000,6084000,,0,R6決算書p8
2024,2,地方譲与税,2,自動車重量譲与税,1,自動車重量譲与税,18735000,-113000,,18622000,18622000,18622000,,0,R6決算書p8
2024,2,地方譲与税,5,森林環境譲与税,1,森林環境譲与税,20769000,-392000,,20377000,20377000,20377000,,0,R6決算書p8
2024,3,利子割交付金,1,利子割交付金,1,利子割交付金,21000,6000,,27000,27000,27000,,0,R6決算書p8
2024,4,配当割交付金,1,配当割交付金,1,配当割交付金,320000,188000,,508000,508000,508000,,0,R6決算書p8
2024,5,株式等譲渡所得割交付金,1,株式等譲渡所得割交付金,1,株式等譲渡所得割交付金,308000,370000,,678000,678000,678000,,0,R6決算書p8
2024,6,法人事業税交付金,1,法人事業税交付金,1,法人事業税交付金,2662000,-227000,,2435000,2435000,2435000,,0,R6決算書p8
2024,7,地方消費税交付金,1,地方消費税交付金,1,地方消費税交付金,26557000,184000,,26741000,26741000,26741000,,0,R6決算書p8
2024,8,環境性能割交付金,1,環境性能割交付金,1,環境性能割交付金,2051000,631000,,2682000,2682000,2682000,,0,R6決算書p9
2024,9,地方特例交付金,1,地方特例交付金,1,地方特例交付金,111000,2569000,,2680000,2680000,2680000,,0,R6決算書p9
2024,10,地方交付税,1,地方交付税,1,地方交付税,1040000000,293856000,,1333856000,1333856000,1333856000,,0,R6決算書p9
2024,11,分担金及び負担金,2,負担金,2,民生費負担金,737000,4000,,741000,741000,741000,,0,R6決算書p9
2024,11,分担金及び負担金,2,負担金,3,農林水産業費負担金,0,67000,,67000,35200,35200,,0,R6決算書p9
2024,12,使用料及び手数料,1,使用料,2,民生使用料,118000,192000,,310000,239930,239930,,0,R6決算書p9
2024,12,使用料及び手数料,1,使用料,3,農林使用料,1105000,7000,,1112000,1112549,1112549,,0,R6決算書p9
2024,12,使用料及び手数料,1,使用料,4,商工使用料,1739000,-131000,,1608000,1609416,1609416,,0,R6決算書p9
2024,12,使用料及び手数料,1,使用料,5,土木使用料,15160000,-43000,,15117000,15117073,15117073,,0,R6決算書p10
2024,12,使用料及び手数料,1,使用料,7,教育施設使用料,3866000,-773000,,3093000,3087556,3087556,,0,R6決算書p10
2024,12,使用料及び手数料,2,手数料,1,総務手数料,796000,-144000,,652000,653100,653100,,0,R6決算書p10
2024,12,使用料及び手数料,2,手数料,3,衛生費手数料,1457000,-164000,,1293000,1294700,1294700,,0,R6決算書p10
2024,13,国庫支出金,1,国庫負担金,1,民生費国庫負担金,44767000,-2895000,,41872000,41885271,41885271,,0,R6決算書p10
2024,13,国庫支出金,1,国庫負担金,3,災害復旧費国庫負担金,0,44720000,51325000,96045000,51325000,51325000,,0,R6決算書p11
2024,13,国庫支出金,2,国庫補助金,1,総務費国庫補助金,14463000,23722000,7951000,46136000,33697593,33697593,,0,R6決算書p11
2024,13,国庫支出金,2,国庫補助金,2,民生費国庫補助金,3074000,227000,,3301000,3079000,3079000,,0,R6決算書p11
2024,13,国庫支出金,2,国庫補助金,3,衛生費国庫補助金,560000,611000,,1171000,1170400,1170400,,0,R6決算書p11
2024,13,国庫支出金,2,国庫補助金,4,土木費国庫補助金,107600000,17556000,,125156000,85203000,85203000,,0,R6決算書p11
2024,13,国庫支出金,2,国庫補助金,5,農林水産業費国庫補助金,22230000,-2243000,,19987000,4310000,4310000,,0,R6決算書p12
2024,13,国庫支出金,2,国庫補助金,6,教育費国庫補助金,1632000,490000,,2122000,2119000,2119000,,0,R6決算書p12
2024,13,国庫支出金,2,国庫補助金,7,商工費国庫補助金,9000000,-1167000,,7833000,7833000,7833000,,0,R6決算書p12
2024,13,国庫支出金,3,国庫委託金,1,総務費国庫委託金,176000,2876000,,3052000,3268603,3268603,,0,R6決算書p12
2024,13,国庫支出金,3,国庫委託金,2,民生費国庫委託金,1342000,-1029000,,313000,313012,313012,,0,R6決算書p12
2024,14,県支出金,1,県負担金,1,民生費県負担金,35544000,-2217000,,33327000,29590548,29590548,,0,R6決算書p12
2024,14,県支出金,2,県補助金,1,総務費県補助金,10600000,-538000,,10062000,10062000,10062000,,0,R6決算書p13
2024,14,県支出金,2,県補助金,2,民生費県補助金,3857000,-353000,,3504000,3128000,3128000,,0,R6決算書p13
2024,14,県支出金,2,県補助金,3,衛生費県補助金,1408000,921000,,2329000,1823100,1823100,,0,R6決算書p13
2024,14,県支出金,2,県補助金,4,農林水産業費県補助金,9910000,-3029000,,6881000,6808561,6808561,,0,R6決算書p14
2024,14,県支出金,2,県補助金,5,土木費県補助金,146000,2426000,,2572000,2572500,2572500,,0,R6決算書p14
2024,14,県支出金,2,県補助金,8,教育費県補助金,25000,0,,25000,25000,25000,,0,R6決算書p14
2024,14,県支出金,2,県補助金,9,災害復旧費県補助金,0,0,,0,20697000,20697000,,0,R6決算書p14
2024,14,県支出金,3,県委託金,1,総務費県委託金,2173000,-318000,,1855000,1857190,1857190,,0,R6決算書p14
2024,14,県支出金,3,県委託金,2,民生費県委託金,1000,0,,1000,1230,1230,,0,R6決算書p14
2024,14,県支出金,3,県委託金,3,農林水産業費県委託金,846000,0,,846000,875000,875000,,0,R6決算書p14
2024,15,財産収入,1,財産運用収入,1,財産貸付収入,4036000,-582000,,3454000,3455294,3455294,,0,R6決算書p15
2024,15,財産収入,1,財産運用収入,2,利子及び配当金,2782000,301000,,3083000,3087552,3087552,,0,R6決算書p15
2024,15,財産収入,2,財産売払収入,1,不動産売払収入,500000,609000,,1109000,1142411,1142411,,0,R6決算書p15
2024,15,財産収入,2,財産売払収入,3,生産物売払収入,20000,-6000,,14000,14600,14600,,0,R6決算書p15
2024,16,寄付金,1,寄付金,1,寄付金,7700000,8200000,,15900000,16240101,16240101,,0,R6決算書p15
2024,17,繰入金,1,基金繰入金,2,減債基金繰入金,203462000,-203462000,,0,0,0,,0,R6決算書p15
2024,17,繰入金,1,基金繰入金,3,公共施設等整備基金繰入金,26599000,-26599000,,0,0,0,,0,R6決算書p15
2024,17,繰入金,1,基金繰入金,5,ふるさとづくり基金繰入金,2130000,430000,,2560000,2560000,2560000,,0,R6決算書p15
2024,18,繰越金,1,繰越金,1,前年度繰越金,30000000,75240000,,105240000,105247026,105247026,,0,R6決算書p16
2024,19,諸収入,1,延滞金加算金及び過料,1,延滞金,15000,8000,,23000,23700,23700,,0,R6決算書p16
2024,19,諸収入,2,預金利子,1,村預金利子,101000,155000,,256000,261844,261844,,0,R6決算書p16
2024,19,諸収入,3,貸付金元利収入,1,貸付金元利収入,300000,0,,300000,0,0,,0,R6決算書p16
2024,19,諸収入,4,受託事業収入,1,農林水産業費受託事業収入,1494000,-772000,,722000,722500,722500,,0,R6決算書p16
2024,19,諸収入,4,受託事業収入,2,授産事業受託収入,5660000,408000,,6068000,6068358,6068358,,0,R6決算書p16
2024,19,諸収入,4,受託事業収入,3,特定健康診査等受託料,1003000,-305000,,698000,697040,697040,,0,R6決算書p16
2024,19,諸収入,5,雑入,1,雑入,78798000,-3919000,,74879000,76321747,76321747,,0,R6決算書p17
2024,19,諸収入,5,雑入,4,介護給付費収入,6704000,0,,6704000,6897030,6897030,,0,R6決算書p17
2024,20,村債,1,村債,1,総務債,295700000,-68700000,166800000,393800000,308200000,308200000,,0,R6決算書p17
2024,20,村債,1,村債,3,災害復旧債,0,19700000,,19700000,0,0,,0,R6決算書p17
2024,30,自動車取得税交付金,1,自動車取得税交付金,1,自動車取得税交付金,0,131000,,131000,131000,131000,,0,R6決算書p17
2025,1,村税,1,村民税,1,個人村民税,26791000,4723000,,31514000,31508099,31231839,,276260,R7決算書p7
2025,1,村税,1,村民税,2,法人村民税,14825000,5934000,,20759000,20759200,20759200,,0,R7決算書p7
2025,1,村税,2,固定資産税,1,固定資産税,51183000,2227000,,53410000,53411070,53074700,,336370,R7決算書p7
2025,1,村税,2,固定資産税,2,国有資産等所在市町村交付金及び納付金,77491000,0,,77491000,77492300,77492300,,0,R7決算書p7
2025,1,村税,3,軽自動車税,2,環境性能割,406000,-210000,,196000,196500,196500,,0,R7決算書p7
2025,1,村税,3,軽自動車税,3,種別割,5268000,-107000,,5161000,5162600,5105300,,57300,R7決算書p7
2025,1,村税,4,村たばこ税,1,村たばこ税,2678000,-262000,,2416000,2416346,2416346,,0,R7決算書p7
2025,1,村税,8,入湯税,1,入湯税,96000,218000,,314000,314850,314850,,0,R7決算書p7
2025,2,地方譲与税,1,地方揮発油譲与税,1,地方揮発油譲与税,5944000,-174000,,5770000,5770000,5770000,,0,R7決算書p8
2025,2,地方譲与税,2,自動車重量譲与税,1,自動車重量譲与税,18462000,716000,,19178000,19178000,19178000,,0,R7決算書p8
2025,2,地方譲与税,5,森林環境譲与税,1,森林環境譲与税,22014000,-542000,,21472000,21472000,21472000,,0,R7決算書p8
2025,3,利子割交付金,1,利子割交付金,1,利子割交付金,23000,107000,,130000,130000,130000,,0,R7決算書p8
2025,4,配当割交付金,1,配当割交付金,1,配当割交付金,387000,153000,,540000,540000,540000,,0,R7決算書p8
2025,5,株式等譲渡所得割交付金,1,株式等譲渡所得割交付金,1,株式等譲渡所得割交付金,300000,543000,,843000,843000,843000,,0,R7決算書p8
2025,6,法人事業税交付金,1,法人事業税交付金,1,法人事業税交付金,2295000,280000,,2575000,2575000,2575000,,0,R7決算書p8
2025,7,地方消費税交付金,1,地方消費税交付金,1,地方消費税交付金,24694000,4185000,,28879000,28879000,28879000,,0,R7決算書p8
2025,8,環境性能割交付金,1,環境性能割交付金,1,環境性能割交付金,2490000,277000,,2767000,2767000,2767000,,0,R7決算書p9
2025,9,地方特例交付金,1,地方特例交付金,1,地方特例交付金,111000,-83000,,28000,28000,28000,,0,R7決算書p9
2025,10,地方交付税,1,地方交付税,1,地方交付税,1050000000,340351000,,1390351000,1390351000,1390351000,,0,R7決算書p9
2025,11,分担金及び負担金,2,負担金,2,民生費負担金,768000,-43000,,725000,801587,725400,,76187,R7決算書p9
2025,12,使用料及び手数料,1,使用料,2,民生使用料,154000,245000,,399000,399680,399380,,300,R7決算書p9
2025,12,使用料及び手数料,1,使用料,3,農林使用料,1103000,0,,1103000,898398,898398,,0,R7決算書p9
2025,12,使用料及び手数料,1,使用料,4,商工使用料,1666000,13000,,1679000,1679950,503950,,1176000,R7決算書p9
2025,12,使用料及び手数料,1,使用料,5,土木使用料,15311000,-1232000,,14079000,14079136,14079136,,0,R7決算書p10
2025,12,使用料及び手数料,1,使用料,7,教育施設使用料,4107000,-1082000,,3025000,3027856,3027856,,0,R7決算書p10
2025,12,使用料及び手数料,2,手数料,1,総務手数料,656000,-60000,,596000,597950,597950,,0,R7決算書p10
2025,12,使用料及び手数料,2,手数料,3,衛生費手数料,1457000,-425000,,1032000,1032600,1032600,,0,R7決算書p10
2025,13,国庫支出金,1,国庫負担金,1,民生費国庫負担金,51952000,-8748000,,43204000,43206449,43206449,,0,R7決算書p10
2025,13,国庫支出金,1,国庫負担金,3,災害復旧費国庫負担金,0,0,40876550,40876550,0,0,,0,R7決算書p10
2025,13,国庫支出金,2,国庫補助金,1,総務費国庫補助金,94360000,16706000,2328000,113394000,91010368,91010368,,0,R7決算書p11
2025,13,国庫支出金,2,国庫補助金,2,民生費国庫補助金,2774000,1710000,,4484000,5433000,5433000,,0,R7決算書p11
2025,13,国庫支出金,2,国庫補助金,3,衛生費国庫補助金,560000,-414000,,146000,146000,146000,,0,R7決算書p11
2025,13,国庫支出金,2,国庫補助金,4,土木費国庫補助金,259020000,-144825000,39953000,154148000,139676000,139676000,,0,R7決算書p11
2025,13,国庫支出金,2,国庫補助金,5,農林水産業費国庫補助金,3963000,-1658000,14586000,16891000,16891000,16891000,,0,R7決算書p11
2025,13,国庫支出金,2,国庫補助金,6,教育費国庫補助金,2632000,-521000,,2111000,2112000,2112000,,0,R7決算書p12
2025,13,国庫支出金,2,国庫補助金,7,商工費国庫補助金,2000000,-2000000,,0,0,0,,0,R7決算書p12
2025,13,国庫支出金,3,国庫委託金,1,総務費国庫委託金,3284000,4001000,,7285000,7285973,7285973,,0,R7決算書p12
2025,13,国庫支出金,3,国庫委託金,2,民生費国庫委託金,1011000,-302000,,709000,709929,709929,,0,R7決算書p12
2025,14,県支出金,1,県負担金,1,民生費県負担金,34050000,-1428000,,32622000,32624819,32624819,,0,R7決算書p12
2025,14,県支出金,2,県補助金,1,総務費県補助金,12490000,8607000,,21097000,21097560,21097560,,0,R7決算書p13
2025,14,県支出金,2,県補助金,2,民生費県補助金,4529000,-519000,,4010000,3998000,3998000,,0,R7決算書p13
2025,14,県支出金,2,県補助金,3,衛生費県補助金,1465000,-604000,506000,1367000,1367000,1367000,,0,R7決算書p13
2025,14,県支出金,2,県補助金,4,農林水産業費県補助金,19784000,-3445000,,16339000,5222877,5222877,,0,R7決算書p14
2025,14,県支出金,2,県補助金,5,土木費県補助金,10912000,-9724000,,1188000,1188000,1188000,,0,R7決算書p14
2025,14,県支出金,2,県補助金,8,教育費県補助金,25000,0,,25000,25000,25000,,0,R7決算書p14
2025,14,県支出金,2,県補助金,9,災害復旧費県補助金,0,0,,0,40054000,40054000,,0,R7決算書p14
2025,14,県支出金,3,県委託金,1,総務費県委託金,2962000,174000,,3136000,3138994,3138994,,0,R7決算書p14
2025,14,県支出金,3,県委託金,2,民生費県委託金,1000,0,,1000,1230,1230,,0,R7決算書p14
2025,14,県支出金,3,県委託金,3,農林水産業費県委託金,846000,0,,846000,934000,934000,,0,R7決算書p14
2025,15,財産収入,1,財産運用収入,1,財産貸付収入,3099000,-19000,,3080000,3323043,3322591,,452,R7決算書p15
2025,15,財産収入,1,財産運用収入,2,利子及び配当金,2811000,3264000,,6075000,6084607,6084607,,0,R7決算書p15
2025,15,財産収入,2,財産売払収入,1,不動産売払収入,400000,887000,,1287000,1287016,1287016,,0,R7決算書p15
2025,15,財産収入,2,財産売払収入,3,生産物売払収入,20000,-20000,,0,0,0,,0,R7決算書p15
2025,16,寄付金,1,寄付金,1,寄付金,7985000,-997000,,6988000,6998283,6998283,,0,R7決算書p15
2025,17,繰入金,1,基金繰入金,2,減債基金繰入金,223529000,-223529000,,0,0,0,,0,R7決算書p15
2025,17,繰入金,1,基金繰入金,3,公共施設等整備基金繰入金,69283000,-69283000,,0,0,0,,0,R7決算書p15
2025,17,繰入金,1,基金繰入金,5,ふるさとづくり基金繰入金,22182000,-19751000,,2431000,2431000,2431000,,0,R7決算書p15
2025,17,繰入金,1,基金繰入金,6,高齢者福祉基金繰入金,63000000,-63000000,,0,0,0,,0,R7決算書p15
2025,17,繰入金,1,基金繰入金,11,森林環境譲与税基金繰入金,3599000,15280000,,18879000,19016300,19016300,,0,R7決算書p16
2025,17,繰入金,1,基金繰入金,12,大鹿村さくら基金繰入金,0,1338000,,1338000,0,0,,0,R7決算書p16
2025,18,繰越金,1,繰越金,1,前年度繰越金,50000000,59781000,,109781000,109781603,109781603,,0,R7決算書p16
2025,19,諸収入,1,延滞金加算金及び過料,1,延滞金,12000,14000,,26000,26700,26700,,0,R7決算書p16
2025,19,諸収入,2,預金利子,1,村預金利子,101000,691000,,792000,799705,799705,,0,R7決算書p16
2025,19,諸収入,3,貸付金元利収入,1,貸付金元利収入,300000,-300000,,0,0,0,,0,R7決算書p16
2025,19,諸収入,4,受託事業収入,1,農林水産業費受託事業収入,6035000,-2018000,,4017000,4017400,4017400,,0,R7決算書p16
2025,19,諸収入,4,受託事業収入,2,授産事業受託収入,6605000,683000,,7288000,7288423,7288423,,0,R7決算書p17
2025,19,諸収入,4,受託事業収入,3,特定健康診査等受託料,1003000,-296000,,707000,707240,707240,,0,R7決算書p17
2025,19,諸収入,5,雑入,1,雑入,57899000,-13558000,,44341000,44086850,43055215,,1031635,R7決算書p17
2025,19,諸収入,5,雑入,4,介護給付費収入,6337000,-483000,,5854000,5854620,5854620,,0,R7決算書p17
2025,20,村債,1,村債,1,総務債,285100000,-98300000,84300000,271100000,249000000,249000000,,0,R7決算書p17
2025,20,村債,1,村債,2,土木債,1400000,23000000,,24400000,24400000,24400000,,0,R7決算書p17
2025,20,村債,1,村債,3,災害復旧債,0,0,19700000,19700000,3200000,3200000,,0,R7決算書p17
