fiscal_year,kan_no,kan_name,ko_no,ko_name,moku_no,moku_name,initial_budget,supplementary,carryover_in,reserve_or_transfer,budget_total,expended,carryover_out,carryover_out_continuing,carryover_out_explicit,carryover_out_accident,unused,source
2018,1,議会費,1,議会費,1,議会費,26713000,78000,0,0,26791000,26725677,,0,0,0,65323,H30決算書p27
2018,2,総務費,1,総務管理費,1,一般管理費,125057000,9769000,0,0,134826000,131734976,,0,0,0,3091024,H30決算書p27
2018,2,総務費,1,総務管理費,2,文書広報費,10062000,-526000,0,0,9536000,9114931,,0,0,0,421069,H30決算書p30
2018,2,総務費,1,総務管理費,3,財政管理費,8680000,0,0,0,8680000,8676625,,0,0,0,3375,H30決算書p31
2018,2,総務費,1,総務管理費,5,財産管理費,11897000,696000,0,0,12593000,11245393,,0,0,0,1347607,H30決算書p31
2018,2,総務費,1,総務管理費,6,企画費,53405000,3931000,0,0,57336000,41161889,,0,13004000,0,3170111,H30決算書p32
2018,2,総務費,1,総務管理費,8,交通安全対策費,2087000,8116000,0,0,10203000,7313319,,0,0,0,2889681,H30決算書p34
2018,2,総務費,1,総務管理費,9,電子計算費,46783000,926000,0,0,47709000,46485015,,0,0,0,1223985,H30決算書p35
2018,2,総務費,1,総務管理費,10,ＣＡＴＶ事業費,67170000,63970000,0,0,131140000,118755007,,0,0,0,12384993,H30決算書p36
2018,2,総務費,2,徴税費,1,税務総務費,22071000,-1851000,0,0,20220000,19922449,,0,0,0,297551,H30決算書p37
2018,2,総務費,2,徴税費,2,賦課徴収費,5713000,-4029000,0,0,1684000,1682429,,0,0,0,1571,H30決算書p38
2018,2,総務費,3,戸籍住民基本台帳費,1,戸籍住民基本台帳費,24131000,-1836000,0,0,22295000,22185264,,0,0,0,109736,H30決算書p38
2018,2,総務費,4,選挙費,1,選挙管理委員会費,247000,-96000,0,0,151000,133200,,0,0,0,17800,H30決算書p39
2018,2,総務費,4,選挙費,6,長野県議会議員選挙費,0,951000,0,0,951000,910349,,0,0,0,40651,H30決算書p39
2018,2,総務費,4,選挙費,10,長野県知事選挙費,3034000,0,0,0,3034000,2915631,,0,0,0,118369,H30決算書p39
2018,2,総務費,5,統計調査費,2,指定統計調査費,187000,42000,0,0,229000,218302,,0,0,0,10698,H30決算書p40
2018,2,総務費,6,監査委員費,1,監査委員費,593000,26000,0,0,619000,610624,,0,0,0,8376,H30決算書p40
2018,2,総務費,7,国土調査費,1,地籍調査費,18834000,-1160000,0,0,17674000,17505781,,0,0,0,168219,H30決算書p40
2018,3,民生費,1,社会福祉費,1,社会福祉総務費,64759000,-1297000,0,0,63462000,61777139,,0,0,0,1684861,H30決算書p42
2018,3,民生費,1,社会福祉費,2,老人福祉費,71440000,-16725000,0,0,54715000,53564293,,0,0,0,1150707,H30決算書p44
2018,3,民生費,1,社会福祉費,3,国民年金事務費,2778000,141000,0,0,2919000,2897600,,0,0,0,21400,H30決算書p45
2018,3,民生費,1,社会福祉費,4,障害者福祉費,64383000,3193000,0,0,67576000,67176285,,0,0,0,399715,H30決算書p46
2018,3,民生費,1,社会福祉費,7,定住対策費,12103000,-6432000,0,0,5671000,5552200,,0,0,0,118800,H30決算書p46
2018,3,民生費,1,社会福祉費,10,老人福祉施設管理運営費,28234000,4584000,0,0,32818000,32764595,,0,0,0,53405,H30決算書p47
2018,3,民生費,1,社会福祉費,13,在宅介護支援センター運営費,1772000,-180000,0,0,1592000,1542855,,0,0,0,49145,H30決算書p47
2018,3,民生費,1,社会福祉費,14,授産施設一般管理費,20436000,783000,0,0,21219000,20823928,,0,0,0,395072,H30決算書p48
2018,3,民生費,1,社会福祉費,15,授産施設業務費,5721000,182000,0,0,5903000,5898460,,0,0,0,4540,H30決算書p49
2018,3,民生費,2,児童福祉費,2,児童措置費,11712000,183000,0,0,11895000,11503068,,0,0,0,391932,H30決算書p50
2018,3,民生費,2,児童福祉費,5,保育所費,43780000,-483000,0,0,43297000,34759660,,0,8077000,0,460340,H30決算書p50
2018,3,民生費,2,児童福祉費,7,児童クラブ運営費,2545000,3000,0,0,2548000,2546800,,0,0,0,1200,H30決算書p52
2018,3,民生費,2,児童福祉費,8,通学合宿事業費,426000,-74000,0,0,352000,344534,,0,0,0,7466,H30決算書p52
2018,4,衛生費,1,保健衛生費,1,保健衛生総務費,76928000,5981000,0,0,82909000,81072774,,0,0,0,1836226,H30決算書p53
2018,4,衛生費,1,保健衛生費,2,予防費,10909000,-4343000,0,0,6566000,6389132,,0,0,0,176868,H30決算書p54
2018,4,衛生費,1,保健衛生費,3,環境衛生費,10730000,474000,0,0,11204000,10415950,,0,0,0,788050,H30決算書p56
2018,4,衛生費,2,清掃費,1,し尿処理費,14816000,-31000,0,0,14785000,14784880,,0,0,0,120,H30決算書p57
2018,4,衛生費,2,清掃費,2,塵芥処理費,22547000,4461000,0,0,27008000,25350315,,0,0,0,1657685,H30決算書p57
2018,6,農林水産業費,1,農業費,1,農業委員会費,2872000,-109000,0,0,2763000,2752642,,0,0,0,10358,H30決算書p58
2018,6,農林水産業費,1,農業費,2,農業総務費,27507000,80000,0,0,27587000,27526400,,0,0,0,60600,H30決算書p58
2018,6,農林水産業費,1,農業費,3,農業振興費,26347000,122859000,0,0,149206000,18133560,,0,131000000,0,72440,H30決算書p59
2018,6,農林水産業費,1,農業費,4,畜産業費,1515000,-369000,0,0,1146000,1145043,,0,0,0,957,H30決算書p61
2018,6,農林水産業費,1,農業費,5,畜産振興費,433000,228000,0,0,661000,660960,,0,0,0,40,H30決算書p61
2018,6,農林水産業費,1,農業費,6,農地費,8403000,-3889000,10400000,0,14914000,13669116,,0,0,0,1244884,H30決算書p61
2018,6,農林水産業費,1,農業費,7,農業振興地域整備促進事業費,112000,-64000,0,0,48000,47300,,0,0,0,700,H30決算書p62
2018,6,農林水産業費,1,農業費,20,地域おこし協力隊事業,3830000,-2903000,0,0,927000,923569,,0,0,0,3431,H30決算書p62
2018,6,農林水産業費,1,農業費,21,日本型直接支払事業,5706000,-88000,0,0,5618000,5608522,,0,0,0,9478,H30決算書p62
2018,6,農林水産業費,2,林業費,1,林業総務費,11092000,-2863000,0,0,8229000,7809289,,0,0,0,419711,H30決算書p63
2018,6,農林水産業費,2,林業費,2,林業振興費,12481000,-2684000,0,0,9797000,9675162,,0,0,0,121838,H30決算書p63
2018,6,農林水産業費,2,林業費,3,林道費,105719000,-21922000,5000000,0,88797000,80909157,,0,6000000,0,1887843,H30決算書p64
2018,6,農林水産業費,2,林業費,4,造林費,41704000,-16091000,0,0,25613000,25391880,,0,0,0,221120,H30決算書p65
2018,7,商工費,1,商工費,1,商工総務費,6323000,-73000,0,0,6250000,6222361,,0,0,0,27639,H30決算書p65
2018,7,商工費,1,商工費,2,商工振興費,8534000,330000,0,301200,9165200,9139773,,0,0,0,25427,H30決算書p66
2018,7,商工費,1,商工費,3,観光費,31513000,-4831000,425661000,-301200,452041800,443105934,,0,0,0,8935866,H30決算書p66
2018,7,商工費,1,商工費,4,地域おこし協力隊事業,11171000,-2232000,0,0,8939000,8897328,,0,0,0,41672,H30決算書p69
2018,8,土木費,1,土木管理費,1,土木総務費,691000,1257000,0,0,1948000,1936392,,0,0,0,11608,H30決算書p70
2018,8,土木費,2,道路橋梁費,1,道路維持費,25855000,-6415000,0,0,19440000,19051303,,0,0,0,388697,H30決算書p71
2018,8,土木費,2,道路橋梁費,2,道路新設改良費,153071000,-18416000,29064000,0,163719000,91224770,,0,69338000,0,3156230,H30決算書p71
2018,8,土木費,2,道路橋梁費,4,橋梁維持費,5189000,-68000,0,0,5121000,5120400,,0,0,0,600,H30決算書p72
2018,8,土木費,3,河川費,1,河川維持費,5706000,13500000,0,0,19206000,7203276,,0,12000000,0,2724,H30決算書p72
2018,8,土木費,4,住宅費,1,住宅管理費,21534000,161000,0,0,21695000,21539372,,0,0,0,155628,H30決算書p72
2018,9,消防費,1,消防費,1,常備消防費,32848000,0,0,0,32848000,32848000,,0,0,0,0,H30決算書p73
2018,9,消防費,1,消防費,2,非常備消防費,17665000,-2218000,0,0,15447000,15172866,,0,0,0,274134,H30決算書p73
2018,9,消防費,1,消防費,3,消防施設費,9966000,661000,0,0,10627000,10564884,,0,0,0,62116,H30決算書p75
2018,9,消防費,1,消防費,4,水防費,50000,-20000,0,0,30000,29980,,0,0,0,20,H30決算書p76
2018,9,消防費,1,消防費,6,災害防止費,659000,-205000,0,0,454000,452552,,0,0,0,1448,H30決算書p76
2018,9,消防費,1,消防費,7,山岳遭難救助費,1744000,-1012000,0,0,732000,717086,,0,0,0,14914,H30決算書p76
2018,10,教育費,1,教育総務費,1,教育委員会費,1093000,0,0,0,1093000,1022780,,0,0,0,70220,H30決算書p77
2018,10,教育費,1,教育総務費,2,事務局費,26801000,839000,0,0,27640000,27282992,,0,0,0,357008,H30決算書p77
2018,10,教育費,1,教育総務費,4,文化財保存費,12393000,347000,0,0,12740000,12101807,,0,0,0,638193,H30決算書p79
2018,10,教育費,1,教育総務費,6,文化施設費,12938000,-2085000,0,0,10853000,10809903,,0,0,0,43097,H30決算書p80
2018,10,教育費,2,小学校費,1,学校管理費,30411000,25929000,0,0,56340000,29868933,,0,25418000,0,1053067,H30決算書p82
2018,10,教育費,2,小学校費,2,教育振興費,2665000,-4000,0,0,2661000,2452100,,0,0,0,208900,H30決算書p85
2018,10,教育費,3,中学校費,1,学校管理費,16212000,16405000,0,0,32617000,14876994,,0,17520000,0,220006,H30決算書p85
2018,10,教育費,3,中学校費,2,教育振興費,1964000,-2000,0,0,1962000,1831107,,0,0,0,130893,H30決算書p87
2018,10,教育費,4,社会教育費,1,社会教育総務費,6184000,-1000,0,0,6183000,6156920,,0,0,0,26080,H30決算書p88
2018,10,教育費,4,社会教育費,2,公民館費,27010000,-1036000,0,0,25974000,25248532,,0,0,0,725468,H30決算書p88
2018,10,教育費,5,保健体育費,1,保健体育総務費,786000,-64000,0,0,722000,710495,,0,0,0,11505,H30決算書p90
2018,10,教育費,5,保健体育費,2,学校給食運営費,9003000,-213000,0,0,8790000,8671250,,0,0,0,118750,H30決算書p90
2018,10,教育費,5,保健体育費,4,体育施設管理費,1227000,1596000,0,0,2823000,2626785,,0,0,0,196215,H30決算書p91
2018,11,災害復旧費,1,農林水産業施設災害復旧費,1,農地農業用施設災害復旧費,0,12170000,0,0,12170000,11692732,,0,0,0,477268,H30決算書p92
2018,11,災害復旧費,1,農林水産業施設災害復旧費,2,林道施設災害復旧費,0,39948000,0,0,39948000,11526304,,0,26675000,0,1746696,H30決算書p93
2018,11,災害復旧費,2,公共土木施設災害復旧費,1,道路橋梁災害復旧費,0,221978000,0,0,221978000,63578121,,0,157804000,0,595879,H30決算書p93
2018,11,災害復旧費,2,公共土木施設災害復旧費,3,河川災害復旧費,0,44887000,0,0,44887000,10990120,,0,34438000,0,-541120,H30決算書p93
2018,12,公債費,1,公債費,1,元金,164306000,2577000,0,0,166883000,166881384,,0,0,0,1616,H30決算書p94
2018,12,公債費,1,公債費,2,利子,14571000,-6770000,0,0,7801000,5465901,,0,0,0,2335099,H30決算書p94
2018,13,諸支出金,1,基金費,1,財政調整基金費,1544000,0,0,0,1544000,1321136,,0,0,0,222864,H30決算書p94
2018,13,諸支出金,1,基金費,2,減債基金費,1500000,0,0,0,1500000,1499503,,0,0,0,497,H30決算書p94
2018,13,諸支出金,1,基金費,3,公共施設等整備基金費,2309000,0,0,0,2309000,2308969,,0,0,0,31,H30決算書p94
2018,13,諸支出金,1,基金費,4,文教施設整備基金費,42000,0,0,0,42000,41867,,0,0,0,133,H30決算書p94
2018,13,諸支出金,1,基金費,5,ふるさとづくり基金費,3728000,2296000,0,0,6024000,5273296,,0,0,0,750704,H30決算書p94
2018,13,諸支出金,1,基金費,6,高齢者福祉基金費,55000,0,0,0,55000,54393,,0,0,0,607,H30決算書p94
2018,13,諸支出金,1,基金費,13,奨学資金貸付基金,0,190000,0,0,190000,190000,,0,0,0,0,H30決算書p94
2018,14,予備費,1,予備費,1,予備費,10000000,0,0,0,10000000,0,,0,0,0,10000000,H30決算書p95
2019,1,議会費,1,議会費,1,議会費,26854000,-176000,0,0,26678000,25935255,,0,0,0,742745,R1決算書p27
2019,2,総務費,1,総務管理費,1,一般管理費,136974000,3119000,0,0,140093000,134338368,,0,0,0,5754632,R1決算書p27
2019,2,総務費,1,総務管理費,2,文書広報費,14224000,-7440000,0,0,6784000,6757210,,0,0,0,26790,R1決算書p30
2019,2,総務費,1,総務管理費,3,財政管理費,7970000,1137000,0,0,9107000,9067172,,0,0,0,39828,R1決算書p31
2019,2,総務費,1,総務管理費,5,財産管理費,16618000,34049000,0,0,50667000,14644868,,0,34100000,0,1922132,R1決算書p31
2019,2,総務費,1,総務管理費,6,企画費,73811000,-6394000,13004000,0,80421000,71824984,,0,0,0,8596016,R1決算書p32
2019,2,総務費,1,総務管理費,8,交通安全対策費,2014000,7798000,0,0,9812000,9597488,,0,0,0,214512,R1決算書p35
2019,2,総務費,1,総務管理費,9,電子計算費,22352000,1968000,0,0,24320000,23960801,,0,0,0,359199,R1決算書p36
2019,2,総務費,1,総務管理費,10,ＣＡＴＶ事業費,57682000,-3141000,0,0,54541000,51667115,,0,0,0,2873885,R1決算書p37
2019,2,総務費,2,徴税費,1,税務総務費,22509000,1585000,0,0,24094000,23968180,,0,0,0,125820,R1決算書p38
2019,2,総務費,2,徴税費,2,賦課徴収費,4702000,-3476000,0,0,1226000,1218433,,0,0,0,7567,R1決算書p39
2019,2,総務費,3,戸籍住民基本台帳費,1,戸籍住民基本台帳費,15065000,258000,0,0,15323000,15297145,,0,0,0,25855,R1決算書p39
2019,2,総務費,4,選挙費,1,選挙管理委員会費,247000,-86000,0,0,161000,147920,,0,0,0,13080,R1決算書p40
2019,2,総務費,4,選挙費,3,参議院議員選挙費,3572000,0,0,0,3572000,3541393,,0,0,0,30607,R1決算書p40
2019,2,総務費,4,選挙費,6,長野県議会議員選挙費,2144000,-227000,0,0,1917000,1802700,,0,0,0,114300,R1決算書p41
2019,2,総務費,4,選挙費,7,村議会議員選挙費,3734000,-870000,0,0,2864000,2753438,,0,0,0,110562,R1決算書p41
2019,2,総務費,5,統計調査費,2,指定統計調査費,728000,-10000,0,0,718000,685208,,0,0,0,32792,R1決算書p41
2019,2,総務費,6,監査委員費,1,監査委員費,593000,-5000,0,0,588000,575840,,0,0,0,12160,R1決算書p42
2019,2,総務費,7,国土調査費,1,地籍調査費,23835000,10976000,0,0,34811000,21949293,,0,12594000,0,267707,R1決算書p42
2019,3,民生費,1,社会福祉費,1,社会福祉総務費,62813000,-252000,0,0,62561000,57764825,,0,0,0,4796175,R1決算書p43
2019,3,民生費,1,社会福祉費,2,老人福祉費,64080000,-7188000,0,0,56892000,56123962,,0,0,0,768038,R1決算書p46
2019,3,民生費,1,社会福祉費,3,国民年金事務費,2586000,110000,0,0,2696000,2676000,,0,0,0,20000,R1決算書p47
2019,3,民生費,1,社会福祉費,4,障害者福祉費,68211000,212000,0,0,68423000,68177271,,0,0,0,245729,R1決算書p48
2019,3,民生費,1,社会福祉費,7,定住対策費,13401000,-5777000,0,0,7624000,7505900,,0,0,0,118100,R1決算書p48
2019,3,民生費,1,社会福祉費,10,老人福祉施設管理運営費,28678000,2571000,0,0,31249000,31197271,,0,0,0,51729,R1決算書p49
2019,3,民生費,1,社会福祉費,13,在宅介護支援センター運営費,1746000,51000,0,0,1797000,1748564,,0,0,0,48436,R1決算書p49
2019,3,民生費,1,社会福祉費,14,授産施設一般管理費,21100000,362000,0,0,21462000,19827293,,0,0,0,1634707,R1決算書p50
2019,3,民生費,1,社会福祉費,15,授産施設業務費,5558000,364000,0,0,5922000,5918995,,0,0,0,3005,R1決算書p51
2019,3,民生費,2,児童福祉費,1,児童福祉総務費,1380000,-187000,0,0,1193000,1192990,,0,0,0,10,R1決算書p52
2019,3,民生費,2,児童福祉費,2,児童措置費,11568000,608000,0,0,12176000,12107500,,0,0,0,68500,R1決算書p52
2019,3,民生費,2,児童福祉費,5,保育所費,317316000,53252000,8077000,0,378645000,111345059,,0,265797000,0,1502941,R1決算書p53
2019,3,民生費,2,児童福祉費,7,児童クラブ運営費,2579000,104000,0,0,2683000,2682800,,0,0,0,200,R1決算書p54
2019,3,民生費,2,児童福祉費,8,通学合宿事業費,469000,-92000,0,0,377000,355809,,0,0,0,21191,R1決算書p55
2019,4,衛生費,1,保健衛生費,1,保健衛生総務費,121376000,-35232000,0,0,86144000,84681651,,0,0,0,1462349,R1決算書p55
2019,4,衛生費,1,保健衛生費,2,予防費,10877000,-3747000,0,0,7130000,6809405,,0,0,0,320595,R1決算書p57
2019,4,衛生費,1,保健衛生費,3,環境衛生費,11623000,-674000,0,0,10949000,10419170,,0,0,0,529830,R1決算書p58
2019,4,衛生費,2,清掃費,1,し尿処理費,15172000,-348000,0,0,14824000,14823700,,0,0,0,300,R1決算書p60
2019,4,衛生費,2,清掃費,2,塵芥処理費,29421000,180000,0,0,29601000,27865396,,0,0,0,1735604,R1決算書p60
2019,6,農林水産業費,1,農業費,1,農業委員会費,3315000,-226000,0,0,3089000,3072013,,0,0,0,16987,R1決算書p60
2019,6,農林水産業費,1,農業費,2,農業総務費,26908000,-6000000,0,0,20908000,20862523,,0,0,0,45477,R1決算書p61
2019,6,農林水産業費,1,農業費,3,農業振興費,27766000,-4381000,131000000,0,154385000,153607338,,0,0,0,777662,R1決算書p62
2019,6,農林水産業費,1,農業費,4,畜産業費,1501000,-185000,0,0,1316000,1260353,,0,0,0,55647,R1決算書p64
2019,6,農林水産業費,1,農業費,5,畜産振興費,433000,158000,0,0,591000,581080,,0,0,0,9920,R1決算書p64
2019,6,農林水産業費,1,農業費,6,農地費,2610000,1164000,0,0,3774000,3756372,,0,0,0,17628,R1決算書p64
2019,6,農林水産業費,1,農業費,20,地域おこし協力隊事業,7045000,-4742000,0,0,2303000,728811,,0,0,0,1574189,R1決算書p65
2019,6,農林水産業費,1,農業費,21,日本型直接支払事業,5689000,-350000,0,0,5339000,5323821,,0,0,0,15179,R1決算書p65
2019,6,農林水産業費,2,林業費,1,林業総務費,10951000,-3793000,0,0,7158000,7066410,,0,0,0,91590,R1決算書p65
2019,6,農林水産業費,2,林業費,2,林業振興費,11490000,640000,0,0,12130000,11528433,,0,0,0,601567,R1決算書p66
2019,6,農林水産業費,2,林業費,3,林道費,82658000,-11023000,6000000,0,77635000,69104086,,0,7536000,0,994914,R1決算書p67
2019,6,農林水産業費,2,林業費,4,造林費,19733000,-3898000,0,0,15835000,15532690,,0,0,0,302310,R1決算書p67
2019,6,農林水産業費,2,林業費,6,森林総合研究所受託事業費,12119000,-12086000,0,0,33000,32400,,0,0,0,600,R1決算書p68
2019,6,農林水産業費,2,林業費,10,森林環境譲与税活用費,0,4762000,0,0,4762000,4747320,,0,0,0,14680,R1決算書p68
2019,7,商工費,1,商工費,1,商工総務費,6468000,-148000,0,500000,6820000,6703793,,0,0,0,116207,R1決算書p68
2019,7,商工費,1,商工費,2,商工振興費,9921000,4642000,0,-500000,14063000,14060522,,0,0,0,2478,R1決算書p69
2019,7,商工費,1,商工費,3,観光費,32416000,-2531000,0,0,29885000,28782968,,0,0,0,1102032,R1決算書p69
2019,7,商工費,1,商工費,4,地域おこし協力隊事業,8125000,-1149000,0,0,6976000,6971492,,0,0,0,4508,R1決算書p71
2019,8,土木費,1,土木管理費,1,土木総務費,675000,-71000,0,0,604000,598400,,0,0,0,5600,R1決算書p72
2019,8,土木費,2,道路橋梁費,1,道路維持費,17471000,3688000,0,76971,21235971,21235907,,0,0,0,64,R1決算書p72
2019,8,土木費,2,道路橋梁費,2,道路新設改良費,110344000,-33394000,69338000,-76971,146211029,124970127,,0,19095000,0,2145902,R1決算書p73
2019,8,土木費,2,道路橋梁費,3,道路台帳整備費,1551000,836000,0,0,2387000,2387000,,0,0,0,0,R1決算書p74
2019,8,土木費,2,道路橋梁費,4,橋梁維持費,11686000,4213000,0,0,15899000,15899000,,0,0,0,0,R1決算書p74
2019,8,土木費,3,河川費,1,河川維持費,3920000,1030000,12000000,0,16950000,14747596,,0,2160000,0,42404,R1決算書p74
2019,8,土木費,4,住宅費,1,住宅管理費,26200000,-3545000,0,0,22655000,22531791,,0,0,0,123209,R1決算書p74
2019,9,消防費,1,消防費,1,常備消防費,32801000,0,0,0,32801000,32801000,,0,0,0,0,R1決算書p75
2019,9,消防費,1,消防費,2,非常備消防費,16613000,-3544000,0,0,13069000,12287433,,0,0,0,781567,R1決算書p75
2019,9,消防費,1,消防費,3,消防施設費,8003000,-55000,0,0,7948000,7846731,,0,0,0,101269,R1決算書p77
2019,9,消防費,1,消防費,4,水防費,50000,-5000,0,0,45000,44257,,0,0,0,743,R1決算書p78
2019,9,消防費,1,消防費,6,災害防止費,601000,-238000,0,0,363000,362520,,0,0,0,480,R1決算書p78
2019,9,消防費,1,消防費,7,山岳遭難救助費,1764000,-1289000,0,0,475000,467691,,0,0,0,7309,R1決算書p78
2019,10,教育費,1,教育総務費,1,教育委員会費,1116000,-85000,0,0,1031000,994750,,0,0,0,36250,R1決算書p79
2019,10,教育費,1,教育総務費,2,事務局費,27426000,579000,0,0,28005000,25277583,,0,0,0,2727417,R1決算書p79
2019,10,教育費,1,教育総務費,4,文化財保存費,7112000,-127000,0,0,6985000,6630384,,0,0,0,354616,R1決算書p80
2019,10,教育費,1,教育総務費,6,文化施設費,14729000,267000,0,0,14996000,14677913,,0,0,0,318087,R1決算書p82
2019,10,教育費,2,小学校費,1,学校管理費,29570000,1104000,25418000,0,56092000,55082941,,0,0,0,1009059,R1決算書p83
2019,10,教育費,2,小学校費,2,教育振興費,2685000,28000,0,0,2713000,2383436,,0,0,0,329564,R1決算書p85
2019,10,教育費,3,中学校費,1,学校管理費,26106000,1097000,17520000,0,44723000,44604507,,0,0,0,118493,R1決算書p86
2019,10,教育費,3,中学校費,2,教育振興費,2211000,-167000,0,0,2044000,2018939,,0,0,0,25061,R1決算書p88
2019,10,教育費,4,社会教育費,1,社会教育総務費,6301000,374000,0,0,6675000,6466455,,0,0,0,208545,R1決算書p89
2019,10,教育費,4,社会教育費,2,公民館費,10373000,380000,0,0,10753000,10349638,,0,0,0,403362,R1決算書p89
2019,10,教育費,5,保健体育費,1,保健体育総務費,820000,-28000,0,0,792000,755602,,0,0,0,36398,R1決算書p91
2019,10,教育費,5,保健体育費,2,学校給食運営費,10798000,-394000,0,0,10404000,10242596,,0,0,0,161404,R1決算書p91
2019,10,教育費,5,保健体育費,4,体育施設管理費,316000,297182000,0,0,297498000,8103175,,0,280060000,0,9334825,R1決算書p93
2019,11,災害復旧費,1,農林水産業施設災害復旧費,1,農地農業用施設災害復旧費,5058000,948000,0,0,6006000,5513200,,0,0,0,492800,R1決算書p93
2019,11,災害復旧費,1,農林水産業施設災害復旧費,2,林道施設災害復旧費,2503000,-1051000,26675000,0,28127000,28126160,,0,0,0,840,R1決算書p93
2019,11,災害復旧費,2,公共土木施設災害復旧費,1,道路橋梁災害復旧費,28762000,295000,157804000,-528000,186333000,176054603,,0,10168000,0,110397,R1決算書p94
2019,11,災害復旧費,2,公共土木施設災害復旧費,3,河川災害復旧費,0,0,34438000,528000,34966000,34607500,,0,0,0,358500,R1決算書p94
2019,12,公債費,1,公債費,1,元金,154408000,-4160000,0,0,150248000,149775392,,0,0,0,472608,R1決算書p94
2019,12,公債費,1,公債費,2,利子,13486000,-7866000,0,0,5620000,4027033,,0,0,0,1592967,R1決算書p95
2019,13,諸支出金,1,基金費,1,財政調整基金費,1284000,168000,0,0,1452000,1087051,,0,0,0,364949,R1決算書p95
2019,13,諸支出金,1,基金費,2,減債基金費,1504000,0,0,0,1504000,1503288,,0,0,0,712,R1決算書p95
2019,13,諸支出金,1,基金費,3,公共施設等整備基金費,2315000,41511000,0,0,43826000,43825856,,0,0,0,144,R1決算書p95
2019,13,諸支出金,1,基金費,4,文教施設整備基金費,42000,0,0,0,42000,41899,,0,0,0,101,R1決算書p95
2019,13,諸支出金,1,基金費,5,ふるさとづくり基金費,4393000,200000,0,0,4593000,4592806,,0,0,0,194,R1決算書p95
2019,13,諸支出金,1,基金費,6,高齢者福祉基金費,55000,0,0,0,55000,54434,,0,0,0,566,R1決算書p95
2019,13,諸支出金,1,基金費,13,奨学資金貸付基金,50000,0,0,0,50000,50000,,0,0,0,0,R1決算書p95
2019,14,予備費,1,予備費,1,予備費,10000000,0,0,0,10000000,0,,0,0,0,10000000,R1決算書p96
2020,1,議会費,1,議会費,1,議会費,26632000,-852000,0,0,25780000,25775413,,0,0,0,4587,R2決算書p27
2020,2,総務費,1,総務管理費,1,一般管理費,144966000,106717000,0,0,251683000,236529490,,0,0,0,15153510,R2決算書p27
2020,2,総務費,1,総務管理費,2,文書広報費,53760000,-671000,0,0,53089000,52885356,,0,0,0,203644,R2決算書p30
2020,2,総務費,1,総務管理費,3,財政管理費,10244000,0,0,0,10244000,10216030,,0,0,0,27970,R2決算書p31
2020,2,総務費,1,総務管理費,5,財産管理費,19773000,-1141000,34100000,0,52732000,51926891,,0,0,0,805109,R2決算書p31
2020,2,総務費,1,総務管理費,6,企画費,62284000,12220000,0,0,74504000,49521572,,0,21526000,0,3456428,R2決算書p32
2020,2,総務費,1,総務管理費,8,交通安全対策費,3580000,13482000,0,0,17062000,10063126,,0,6700000,0,298874,R2決算書p34
2020,2,総務費,1,総務管理費,9,電子計算費,25035000,4440000,0,0,29475000,26447406,,0,0,0,3027594,R2決算書p35
2020,2,総務費,1,総務管理費,10,ＣＡＴＶ事業費,63434000,751000,0,0,64185000,55354647,,0,0,0,8830353,R2決算書p36
2020,2,総務費,2,徴税費,1,税務総務費,21919000,-1425000,0,0,20494000,20396481,,0,0,0,97519,R2決算書p37
2020,2,総務費,2,徴税費,2,賦課徴収費,3706000,-2782000,0,0,924000,923254,,0,0,0,746,R2決算書p38
2020,2,総務費,3,戸籍住民基本台帳費,1,戸籍住民基本台帳費,27237000,-300000,0,0,26937000,24719119,,0,2189000,0,28881,R2決算書p38
2020,2,総務費,4,選挙費,1,選挙管理委員会費,247000,-156000,0,0,91000,89700,,0,0,0,1300,R2決算書p39
2020,2,総務費,4,選挙費,4,村長選挙費,3049000,-930000,0,0,2119000,1911678,,0,0,0,207322,R2決算書p39
2020,2,総務費,4,選挙費,7,村議会議員選挙費,0,459000,0,0,459000,415330,,0,0,0,43670,R2決算書p40
2020,2,総務費,5,統計調査費,2,指定統計調査費,1821000,12000,0,0,1833000,1582315,,0,0,0,250685,R2決算書p40
2020,2,総務費,6,監査委員費,1,監査委員費,593000,-59000,0,0,534000,491485,,0,0,0,42515,R2決算書p40
2020,2,総務費,7,国土調査費,1,地籍調査費,16862000,-104000,12594000,0,29352000,28440777,,0,0,0,911223,R2決算書p40
2020,3,民生費,1,社会福祉費,1,社会福祉総務費,69374000,-846000,0,8127,68536127,61670458,,0,550000,0,6315669,R2決算書p42
2020,3,民生費,1,社会福祉費,2,老人福祉費,63728000,-3303000,0,0,60425000,57291558,,0,0,0,3133442,R2決算書p44
2020,3,民生費,1,社会福祉費,3,国民年金事務費,2741000,94000,0,20885,2855885,2844207,,0,0,0,11678,R2決算書p46
2020,3,民生費,1,社会福祉費,4,障害者福祉費,73274000,-10105000,0,0,63169000,62990502,,0,0,0,178498,R2決算書p46
2020,3,民生費,1,社会福祉費,7,定住対策費,10758000,-3969000,0,0,6789000,5417408,,0,0,0,1371592,R2決算書p47
2020,3,民生費,1,社会福祉費,10,老人福祉施設管理運営費,30108000,-176000,0,0,29932000,29743893,,0,0,0,188107,R2決算書p48
2020,3,民生費,1,社会福祉費,13,在宅介護支援センター運営費,2011000,-207000,0,0,1804000,1794388,,0,0,0,9612,R2決算書p48
2020,3,民生費,1,社会福祉費,14,授産施設一般管理費,18801000,-477000,0,-29012,18294988,17681744,,0,0,0,613244,R2決算書p49
2020,3,民生費,1,社会福祉費,15,授産施設業務費,6330000,-1873000,0,0,4457000,4453923,,0,0,0,3077,R2決算書p50
2020,3,民生費,2,児童福祉費,2,児童措置費,11878000,1575000,0,0,13453000,13445495,,0,0,0,7505,R2決算書p51
2020,3,民生費,2,児童福祉費,5,保育所費,52721000,-4897000,265797000,0,313621000,305970875,,0,0,0,7650125,R2決算書p51
2020,3,民生費,2,児童福祉費,7,児童クラブ運営費,2581000,48000,0,0,2629000,2623600,,0,0,0,5400,R2決算書p53
2020,3,民生費,2,児童福祉費,8,通学合宿事業費,483000,-410000,0,0,73000,65748,,0,0,0,7252,R2決算書p54
2020,4,衛生費,1,保健衛生費,1,保健衛生総務費,90338000,10840000,0,0,101178000,95067579,,0,0,0,6110421,R2決算書p54
2020,4,衛生費,1,保健衛生費,2,予防費,10761000,-3451000,0,0,7310000,7090427,,0,0,0,219573,R2決算書p55
2020,4,衛生費,1,保健衛生費,3,環境衛生費,10298000,20572000,0,0,30870000,29015518,,0,0,0,1854482,R2決算書p57
2020,4,衛生費,1,保健衛生費,4,新型コロナウイルス感染症対策費,0,1716000,0,0,1716000,1560239,,0,0,0,155761,R2決算書p58
2020,4,衛生費,2,清掃費,1,し尿処理費,14391000,688000,0,0,15079000,14480650,,0,0,0,598350,R2決算書p59
2020,4,衛生費,2,清掃費,2,塵芥処理費,26342000,3792000,0,0,30134000,29380935,,0,0,0,753065,R2決算書p59
2020,6,農林水産業費,1,農業費,1,農業委員会費,3111000,-180000,0,0,2931000,2904110,,0,0,0,26890,R2決算書p60
2020,6,農林水産業費,1,農業費,2,農業総務費,21290000,806000,0,0,22096000,21864462,,0,0,0,231538,R2決算書p60
2020,6,農林水産業費,1,農業費,3,農業振興費,27139000,-231000,0,0,26908000,26631792,,0,0,0,276208,R2決算書p61
2020,6,農林水産業費,1,農業費,4,畜産業費,1507000,-240000,0,0,1267000,1203648,,0,0,0,63352,R2決算書p63
2020,6,農林水産業費,1,農業費,5,畜産振興費,542000,-370000,0,0,172000,155685,,0,0,0,16315,R2決算書p63
2020,6,農林水産業費,1,農業費,6,農地費,16889000,-5926000,0,0,10963000,9176506,,0,1254000,0,532494,R2決算書p63
2020,6,農林水産業費,1,農業費,20,地域おこし協力隊事業,7675000,-4190000,0,0,3485000,3435913,,0,0,0,49087,R2決算書p63
2020,6,農林水産業費,1,農業費,21,日本型直接支払事業,5448000,-648000,0,0,4800000,4664822,,0,0,0,135178,R2決算書p64
2020,6,農林水産業費,2,林業費,1,林業総務費,9258000,842000,0,0,10100000,9118251,,0,0,0,981749,R2決算書p64
2020,6,農林水産業費,2,林業費,2,林業振興費,11123000,-1311000,0,0,9812000,9701918,,0,0,0,110082,R2決算書p65
2020,6,農林水産業費,2,林業費,3,林道費,93101000,-8724000,7536000,0,91913000,74096945,,0,12040000,0,5776055,R2決算書p66
2020,6,農林水産業費,2,林業費,4,造林費,9124000,-3171000,0,0,5953000,5853906,,0,0,0,99094,R2決算書p67
2020,6,農林水産業費,2,林業費,6,森林総合研究所受託事業費,5000000,-444000,0,0,4556000,4555100,,0,0,0,900,R2決算書p67
2020,6,農林水産業費,2,林業費,10,森林環境譲与税活用費,2000000,2586000,0,0,4586000,1386000,,0,3190000,0,10000,R2決算書p67
2020,7,商工費,1,商工費,1,商工総務費,6670000,668000,0,0,7338000,7197488,,0,0,0,140512,R2決算書p67
2020,7,商工費,1,商工費,2,商工振興費,9493000,44261000,0,0,53754000,51212328,,0,0,0,2541672,R2決算書p68
2020,7,商工費,1,商工費,3,観光費,50016000,3645000,0,0,53661000,46766896,,0,5775000,0,1119104,R2決算書p68
2020,7,商工費,1,商工費,4,地域おこし協力隊事業,7803000,-3738000,0,0,4065000,3968069,,0,0,0,96931,R2決算書p70
2020,8,土木費,1,土木管理費,1,土木総務費,714000,-55000,0,0,659000,657300,,0,0,0,1700,R2決算書p71
2020,8,土木費,2,道路橋梁費,1,道路維持費,17605000,-2710000,0,325636,15220636,15219836,,0,0,0,800,R2決算書p72
2020,8,土木費,2,道路橋梁費,2,道路新設改良費,94204000,7889000,19095000,-325636,120862364,56907883,,0,61996000,0,1958481,R2決算書p72
2020,8,土木費,2,道路橋梁費,3,道路台帳整備費,1551000,660000,0,0,2211000,2200000,,0,0,0,11000,R2決算書p73
2020,8,土木費,2,道路橋梁費,4,橋梁維持費,138006000,-2876000,0,0,135130000,69575000,,0,60720000,0,4835000,R2決算書p73
2020,8,土木費,3,河川費,1,河川維持費,11320000,-3068000,2160000,0,10412000,10020807,,0,0,0,391193,R2決算書p73
2020,8,土木費,4,住宅費,1,住宅管理費,26686000,-2019000,0,0,24667000,23928824,,0,0,0,738176,R2決算書p74
2020,9,消防費,1,消防費,1,常備消防費,32678000,0,0,0,32678000,32678000,,0,0,0,0,R2決算書p75
2020,9,消防費,1,消防費,2,非常備消防費,18620000,-5476000,0,-531043,12612957,12370876,,0,0,0,242081,R2決算書p75
2020,9,消防費,1,消防費,3,消防施設費,7779000,1190000,0,0,8969000,8871583,,0,0,0,97417,R2決算書p76
2020,9,消防費,1,消防費,4,水防費,50000,-31000,0,0,19000,18970,,0,0,0,30,R2決算書p77
2020,9,消防費,1,消防費,6,災害防止費,810000,9895000,0,531043,11236043,11232202,,0,0,0,3841,R2決算書p77
2020,9,消防費,1,消防費,7,山岳遭難救助費,1985000,-1919000,0,0,66000,65600,,0,0,0,400,R2決算書p77
2020,10,教育費,1,教育総務費,1,教育委員会費,1117000,-191000,0,0,926000,921990,,0,0,0,4010,R2決算書p78
2020,10,教育費,1,教育総務費,2,事務局費,27043000,-892000,0,0,26151000,25898015,,0,0,0,252985,R2決算書p78
2020,10,教育費,1,教育総務費,4,文化財保存費,4947000,-1873000,0,0,3074000,3016898,,0,0,0,57102,R2決算書p79
2020,10,教育費,1,教育総務費,6,文化施設費,10828000,-1271000,0,0,9557000,9414799,,0,0,0,142201,R2決算書p80
2020,10,教育費,1,教育総務費,8,新型コロナウイルス感染症対策費,0,312000,0,0,312000,310960,,0,0,0,1040,R2決算書p82
2020,10,教育費,2,小学校費,1,学校管理費,27881000,4064000,0,0,31945000,30432058,,0,0,0,1512942,R2決算書p82
2020,10,教育費,2,小学校費,2,教育振興費,5032000,-190000,0,0,4842000,4444318,,0,0,0,397682,R2決算書p84
2020,10,教育費,3,中学校費,1,学校管理費,15238000,2214000,0,0,17452000,16865598,,0,0,0,586402,R2決算書p85
2020,10,教育費,3,中学校費,2,教育振興費,2613000,-154000,0,0,2459000,2248506,,0,0,0,210494,R2決算書p87
2020,10,教育費,4,社会教育費,1,社会教育総務費,6742000,316000,0,0,7058000,6980814,,0,0,0,77186,R2決算書p88
2020,10,教育費,4,社会教育費,2,公民館費,11762000,-1132000,0,0,10630000,10178775,,0,0,0,451225,R2決算書p88
2020,10,教育費,5,保健体育費,1,保健体育総務費,653000,160000,0,0,813000,790504,,0,0,0,22496,R2決算書p90
2020,10,教育費,5,保健体育費,2,学校給食運営費,9870000,1818000,0,0,11688000,9336016,,0,1925000,0,426984,R2決算書p90
2020,10,教育費,5,保健体育費,4,体育施設管理費,457000,3707000,280060000,0,284224000,280631049,,0,0,0,3592951,R2決算書p91
2020,11,災害復旧費,1,農林水産業施設災害復旧費,1,農地農業用施設災害復旧費,0,13057000,0,0,13057000,12089000,,0,0,0,968000,R2決算書p92
2020,11,災害復旧費,1,農林水産業施設災害復旧費,2,林道施設災害復旧費,0,96309000,0,0,96309000,43737280,,0,52483000,0,88720,R2決算書p92
2020,11,災害復旧費,2,公共土木施設災害復旧費,1,道路橋梁災害復旧費,0,41544000,16468000,0,58012000,43344930,,0,0,0,14667070,R2決算書p92
2020,11,災害復旧費,2,公共土木施設災害復旧費,3,河川災害復旧費,0,29149000,0,0,29149000,14709450,,0,9395000,0,5044550,R2決算書p93
2020,12,公債費,1,公債費,1,元金,212174000,7918000,0,288453,220380453,219600485,,0,0,0,779968,R2決算書p93
2020,12,公債費,1,公債費,2,利子,20768000,-11087000,0,-288453,9392547,2820366,,0,0,0,6572181,R2決算書p93
2020,13,諸支出金,1,基金費,1,財政調整基金費,1318000,0,0,0,1318000,467906,,0,0,0,850094,R2決算書p94
2020,13,諸支出金,1,基金費,2,減債基金費,1508000,35004000,0,0,36512000,36511212,,0,0,0,788,R2決算書p94
2020,13,諸支出金,1,基金費,3,公共施設等整備基金費,2079000,6000,0,0,2085000,2084584,,0,0,0,416,R2決算書p94
2020,13,諸支出金,1,基金費,4,文教施設整備基金費,42000,34001000,0,0,34043000,34042045,,0,0,0,955,R2決算書p94
2020,13,諸支出金,1,基金費,5,ふるさとづくり基金費,4748000,99342000,0,0,104090000,104089467,,0,0,0,533,R2決算書p94
2020,13,諸支出金,1,基金費,6,高齢者福祉基金費,55000,0,0,0,55000,54624,,0,0,0,376,R2決算書p94
2020,13,諸支出金,1,基金費,14,森林環境譲与税基金,9700000,-1811000,0,0,7889000,7888680,,0,0,0,320,R2決算書p94
2020,14,予備費,1,予備費,1,予備費,10000000,0,0,0,10000000,0,,0,0,0,10000000,R2決算書p95
2021,1,議会費,1,議会費,1,議会費,26304000,-370000,0,0,25934000,25689505,,0,0,0,244495,R3決算書p28
2021,2,総務費,1,総務管理費,1,一般管理費,132270000,27422000,0,0,159692000,147614000,,0,5578000,0,6500000,R3決算書p28
2021,2,総務費,1,総務管理費,2,文書広報費,7238000,8623000,0,0,15861000,6717134,,0,8800000,0,343866,R3決算書p31
2021,2,総務費,1,総務管理費,3,財政管理費,14232000,-697000,0,0,13535000,13480564,,0,0,0,54436,R3決算書p32
2021,2,総務費,1,総務管理費,5,財産管理費,11943000,74138000,0,0,86081000,78084992,,0,4667000,0,3329008,R3決算書p32
2021,2,総務費,1,総務管理費,6,企画費,62018000,-4268000,21526000,0,79276000,68787359,,0,0,0,10488641,R3決算書p33
2021,2,総務費,1,総務管理費,8,交通安全対策費,5938000,15644000,6700000,0,28282000,26941657,,0,0,0,1340343,R3決算書p36
2021,2,総務費,1,総務管理費,9,電子計算費,25475000,5560000,0,0,31035000,30313289,,0,0,0,721711,R3決算書p37
2021,2,総務費,1,総務管理費,10,ＣＡＴＶ事業費,30487000,810000,0,0,31297000,26236144,,0,0,0,5060856,R3決算書p38
2021,2,総務費,2,徴税費,1,税務総務費,19879000,-1740000,0,0,18139000,17665601,,0,0,0,473399,R3決算書p39
2021,2,総務費,2,徴税費,2,賦課徴収費,6696000,-4833000,0,0,1863000,1861861,,0,0,0,1139,R3決算書p40
2021,2,総務費,3,戸籍住民基本台帳費,1,戸籍住民基本台帳費,18439000,1829000,2189000,0,22457000,19634996,,0,2728000,0,94004,R3決算書p40
2021,2,総務費,4,選挙費,1,選挙管理委員会費,247000,-161000,0,0,86000,78180,,0,0,0,7820,R3決算書p41
2021,2,総務費,4,選挙費,8,参議院議員補欠選挙費,3597000,452000,0,0,4049000,4032553,,0,0,0,16447,R3決算書p41
2021,2,総務費,4,選挙費,9,衆議院議員選挙費,3497000,-370000,0,0,3127000,2941908,,0,0,0,185092,R3決算書p42
2021,2,総務費,5,統計調査費,2,指定統計調査費,362000,-170000,0,0,192000,189785,,0,0,0,2215,R3決算書p42
2021,2,総務費,6,監査委員費,1,監査委員費,593000,-45000,0,0,548000,537700,,0,0,0,10300,R3決算書p43
2021,2,総務費,7,国土調査費,1,地籍調査費,30091000,-1139000,0,0,28952000,25899082,,0,0,0,3052918,R3決算書p43
2021,3,民生費,1,社会福祉費,1,社会福祉総務費,74443000,-3478000,550000,0,71515000,59667006,,0,0,0,11847994,R3決算書p44
2021,3,民生費,1,社会福祉費,2,老人福祉費,65411000,-3271000,0,0,62140000,61998279,,0,0,0,141721,R3決算書p47
2021,3,民生費,1,社会福祉費,3,国民年金事務費,2780000,2398000,0,0,5178000,5099484,,0,0,0,78516,R3決算書p48
2021,3,民生費,1,社会福祉費,4,障害者福祉費,73677000,-10499000,0,0,63178000,62541193,,0,0,0,636807,R3決算書p48
2021,3,民生費,1,社会福祉費,7,定住対策費,11180000,-1412000,0,0,9768000,9768000,,0,0,0,0,R3決算書p49
2021,3,民生費,1,社会福祉費,10,老人福祉施設管理運営費,88445000,-6822000,0,0,81623000,78330059,,0,0,0,3292941,R3決算書p49
2021,3,民生費,1,社会福祉費,13,在宅介護支援センター運営費,2459000,-772000,0,0,1687000,1662056,,0,0,0,24944,R3決算書p50
2021,3,民生費,1,社会福祉費,14,授産施設一般管理費,17915000,331000,0,0,18246000,18092578,,0,0,0,153422,R3決算書p51
2021,3,民生費,1,社会福祉費,15,授産施設業務費,4693000,-1045000,0,0,3648000,3643608,,0,0,0,4392,R3決算書p52
2021,3,民生費,2,児童福祉費,2,児童措置費,11218000,16074000,0,0,27292000,27098816,,0,0,0,193184,R3決算書p53
2021,3,民生費,2,児童福祉費,5,保育所費,41719000,4590000,0,0,46309000,42231501,,0,0,0,4077499,R3決算書p54
2021,3,民生費,2,児童福祉費,7,児童クラブ運営費,2905000,-35000,0,0,2870000,2869760,,0,0,0,240,R3決算書p55
2021,3,民生費,2,児童福祉費,8,通学合宿事業費,542000,-519000,0,0,23000,23000,,0,0,0,0,R3決算書p55
2021,4,衛生費,1,保健衛生費,1,保健衛生総務費,93640000,5547000,0,0,99187000,94188295,,0,0,0,4998705,R3決算書p56
2021,4,衛生費,1,保健衛生費,2,予防費,9679000,-2913000,0,0,6766000,6428124,,0,0,0,337876,R3決算書p57
2021,4,衛生費,1,保健衛生費,3,環境衛生費,9968000,5274000,0,0,15242000,9966683,,0,4700000,0,575317,R3決算書p59
2021,4,衛生費,1,保健衛生費,4,新型コロナウイルス感染症対策費,1198000,10279000,0,0,11477000,10898389,,0,0,0,578611,R3決算書p60
2021,4,衛生費,2,清掃費,1,し尿処理費,14733000,-708000,0,0,14025000,14024520,,0,0,0,480,R3決算書p61
2021,4,衛生費,2,清掃費,2,塵芥処理費,27194000,887000,0,0,28081000,27020324,,0,0,0,1060676,R3決算書p61
2021,6,農林水産業費,1,農業費,1,農業委員会費,3108000,-136000,0,0,2972000,2906819,,0,0,0,65181,R3決算書p62
2021,6,農林水産業費,1,農業費,2,農業総務費,21507000,-2555000,0,0,18952000,18636751,,0,0,0,315249,R3決算書p62
2021,6,農林水産業費,1,農業費,3,農業振興費,65212000,-10222000,0,0,54990000,52998660,,0,902000,0,1089340,R3決算書p63
2021,6,農林水産業費,1,農業費,4,畜産業費,1469000,-229000,0,0,1240000,1239594,,0,0,0,406,R3決算書p65
2021,6,農林水産業費,1,農業費,5,畜産振興費,321000,2698000,0,0,3019000,18400,,0,2970000,0,30600,R3決算書p65
2021,6,農林水産業費,1,農業費,6,農地費,1413000,1689000,1254000,0,4356000,4343414,,0,0,0,12586,R3決算書p65
2021,6,農林水産業費,1,農業費,7,農業振興地域整備促進事業費,168000,-133000,0,0,35000,34400,,0,0,0,600,R3決算書p66
2021,6,農林水産業費,1,農業費,20,地域おこし協力隊事業,8152000,-4161000,0,0,3991000,3985032,,0,0,0,5968,R3決算書p66
2021,6,農林水産業費,1,農業費,21,日本型直接支払事業,5002000,-281000,0,0,4721000,4310293,,0,0,0,410707,R3決算書p67
2021,6,農林水産業費,2,林業費,1,林業総務費,10759000,265000,0,0,11024000,9725005,,0,1210000,0,88995,R3決算書p67
2021,6,農林水産業費,2,林業費,2,林業振興費,15207000,752000,0,0,15959000,15938628,,0,0,0,20372,R3決算書p67
2021,6,農林水産業費,2,林業費,3,林道費,68600000,8398000,12040000,0,89038000,65519515,,0,19767000,0,3751485,R3決算書p69
2021,6,農林水産業費,2,林業費,4,造林費,5800000,1990000,0,0,7790000,7755432,,0,0,0,34568,R3決算書p69
2021,6,農林水産業費,2,林業費,6,森林整備センター受託事業費,523000,-46000,0,0,477000,476300,,0,0,0,700,R3決算書p70
2021,6,農林水産業費,2,林業費,10,森林環境譲与税活用費,2640000,2236000,3190000,0,8066000,4329538,,0,3410000,0,326462,R3決算書p70
2021,7,商工費,1,商工費,1,商工総務費,7353000,-109000,0,0,7244000,7158849,,0,0,0,85151,R3決算書p70
2021,7,商工費,1,商工費,2,商工振興費,13837000,28299000,0,0,42136000,39619873,,0,0,0,2516127,R3決算書p70
2021,7,商工費,1,商工費,3,観光費,49128000,-7510000,5775000,0,47393000,29614359,,0,7094000,0,10684641,R3決算書p71
2021,7,商工費,1,商工費,4,地域おこし協力隊事業,12553000,-4924000,0,0,7629000,7538924,,0,0,0,90076,R3決算書p73
2021,8,土木費,1,土木管理費,1,土木総務費,912000,-106000,0,0,806000,803092,,0,0,0,2908,R3決算書p73
2021,8,土木費,2,道路橋梁費,1,道路維持費,20808000,-919000,0,0,19889000,9096250,,0,7454000,0,3338750,R3決算書p74
2021,8,土木費,2,道路橋梁費,2,道路新設改良費,109928000,3260000,61996000,0,175184000,105783808,,0,57973000,0,11427192,R3決算書p74
2021,8,土木費,2,道路橋梁費,3,道路台帳整備費,2718000,0,0,0,2718000,2585000,,0,0,0,133000,R3決算書p75
2021,8,土木費,2,道路橋梁費,4,橋梁維持費,85194000,40026000,60720000,0,185940000,110467000,,0,74900000,0,573000,R3決算書p76
2021,8,土木費,3,河川費,1,河川維持費,7322000,9630000,0,0,16952000,14608000,,0,0,0,2344000,R3決算書p76
2021,8,土木費,4,住宅費,1,住宅管理費,15093000,-3750000,0,0,11343000,11210068,,0,0,0,132932,R3決算書p76
2021,9,消防費,1,消防費,1,常備消防費,34702000,0,0,0,34702000,34702000,,0,0,0,0,R3決算書p77
2021,9,消防費,1,消防費,2,非常備消防費,21400000,-5478000,0,0,15922000,14640903,,0,600000,0,681097,R3決算書p77
2021,9,消防費,1,消防費,3,消防施設費,9097000,892000,0,0,9989000,9136003,,0,0,0,852997,R3決算書p79
2021,9,消防費,1,消防費,4,水防費,50000,0,0,0,50000,49500,,0,0,0,500,R3決算書p79
2021,9,消防費,1,消防費,6,災害防止費,2088000,264000,0,0,2352000,2317485,,0,0,0,34515,R3決算書p80
2021,9,消防費,1,消防費,7,山岳遭難救助費,1986000,-1789000,0,0,197000,195480,,0,0,0,1520,R3決算書p80
2021,10,教育費,1,教育総務費,1,教育委員会費,1095000,-344000,0,0,751000,748800,,0,0,0,2200,R3決算書p80
2021,10,教育費,1,教育総務費,2,事務局費,21033000,5254000,0,0,26287000,24407597,,0,0,0,1879403,R3決算書p80
2021,10,教育費,1,教育総務費,4,文化財保存費,16931000,1820000,0,0,18751000,16860164,,0,849000,0,1041836,R3決算書p82
2021,10,教育費,1,教育総務費,6,文化施設費,208821000,5281000,0,0,214102000,198529006,,0,15090000,0,482994,R3決算書p83
2021,10,教育費,1,教育総務費,8,新型コロナウイルス感染症対策費,0,181000,0,0,181000,180080,,0,0,0,920,R3決算書p85
2021,10,教育費,2,小学校費,1,学校管理費,33255000,402000,0,0,33657000,32500682,,0,0,0,1156318,R3決算書p85
2021,10,教育費,2,小学校費,2,教育振興費,4173000,-922000,0,0,3251000,3201332,,0,0,0,49668,R3決算書p88
2021,10,教育費,3,中学校費,1,学校管理費,38910000,-4642000,0,0,34268000,33358940,,0,0,0,909060,R3決算書p88
2021,10,教育費,3,中学校費,2,教育振興費,2833000,-429000,0,0,2404000,2188498,,0,0,0,215502,R3決算書p90
2021,10,教育費,4,社会教育費,1,社会教育総務費,7244000,-85000,0,0,7159000,7093893,,0,0,0,65107,R3決算書p91
2021,10,教育費,4,社会教育費,2,公民館費,11870000,1893000,0,0,13763000,13239156,,0,0,0,523844,R3決算書p91
2021,10,教育費,5,保健体育費,1,保健体育総務費,1274000,-279000,0,0,995000,964351,,0,0,0,30649,R3決算書p93
2021,10,教育費,5,保健体育費,2,学校給食運営費,11764000,129000,1925000,0,13818000,13319565,,0,0,0,498435,R3決算書p93
2021,10,教育費,5,保健体育費,4,体育施設管理費,2633000,340000,0,0,2973000,2773366,,0,0,0,199634,R3決算書p95
2021,11,災害復旧費,1,農林水産業施設災害復旧費,1,農地農業用施設災害復旧費,0,35473000,0,0,35473000,10725000,,0,23399000,0,1349000,R3決算書p95
2021,11,災害復旧費,1,農林水産業施設災害復旧費,2,林道施設災害復旧費,250472000,-10013000,52483000,0,292942000,158540900,,0,134179000,0,222100,R3決算書p95
2021,11,災害復旧費,2,公共土木施設災害復旧費,1,道路橋梁災害復旧費,12353000,-2900000,0,0,9453000,1425000,,0,7352000,0,676000,R3決算書p96
2021,11,災害復旧費,2,公共土木施設災害復旧費,3,河川災害復旧費,1000000,5546000,9395000,0,15941000,10940940,,0,5000000,0,60,R3決算書p96
2021,12,公債費,1,公債費,1,元金,178241000,14039000,0,0,192280000,192211513,,0,0,0,68487,R3決算書p96
2021,12,公債費,1,公債費,2,利子,11245000,-6195000,0,0,5050000,2439913,,0,0,0,2610087,R3決算書p96
2021,13,諸支出金,1,基金費,1,財政調整基金費,966000,19341000,0,0,20307000,20306805,,0,0,0,195,R3決算書p97
2021,13,諸支出金,1,基金費,2,減債基金費,1198000,0,0,0,1198000,1197728,,0,0,0,272,R3決算書p97
2021,13,諸支出金,1,基金費,3,公共施設等整備基金費,1433000,86400000,0,0,87833000,87832708,,0,0,0,292,R3決算書p97
2021,13,諸支出金,1,基金費,4,文教施設整備基金費,40000,0,0,0,40000,39167,,0,0,0,833,R3決算書p97
2021,13,諸支出金,1,基金費,5,ふるさとづくり基金費,2950000,80820000,0,0,83770000,83769402,,0,0,0,598,R3決算書p97
2021,13,諸支出金,1,基金費,6,高齢者福祉基金費,51000,0,0,0,51000,50884,,0,0,0,116,R3決算書p97
2021,13,諸支出金,1,基金費,14,森林環境譲与税基金,9060000,2548000,0,0,11608000,11608000,,0,0,0,0,R3決算書p97
2021,14,予備費,1,予備費,1,予備費,10000000,0,0,0,10000000,0,,0,0,0,10000000,R3決算書p97
2022,1,議会費,1,議会費,1,議会費,26179000,479000,0,0,26658000,26130156,,0,0,0,527844,R4決算書p28
2022,2,総務費,1,総務管理費,1,一般管理費,136034000,13165000,5578000,0,154777000,146741445,,0,0,0,8035555,R4決算書p29
2022,2,総務費,1,総務管理費,2,文書広報費,10207000,93000,8800000,0,19100000,18853666,,0,0,0,246334,R4決算書p32
2022,2,総務費,1,総務管理費,3,財政管理費,8286000,-58000,0,0,8228000,8228000,,0,0,0,0,R4決算書p33
2022,2,総務費,1,総務管理費,5,財産管理費,27237000,15973000,4667000,0,47877000,45169974,,0,0,0,2707026,R4決算書p33
2022,2,総務費,1,総務管理費,6,企画費,60948000,-3267000,0,0,57681000,54394331,,0,0,0,3286669,R4決算書p34
2022,2,総務費,1,総務管理費,8,交通安全対策費,5666000,15238000,0,0,20904000,20732328,,0,0,0,171672,R4決算書p37
2022,2,総務費,1,総務管理費,9,電子計算費,42921000,-7218000,0,0,35703000,32563263,,0,0,0,3139737,R4決算書p38
2022,2,総務費,1,総務管理費,10,ＣＡＴＶ事業費,26200000,-4161000,0,0,22039000,21850168,,0,0,0,188832,R4決算書p39
2022,2,総務費,2,徴税費,1,税務総務費,23638000,1103000,0,0,24741000,24485949,,0,0,0,255051,R4決算書p39
2022,2,総務費,2,徴税費,2,賦課徴収費,3291000,-1704000,0,0,1587000,1585949,,0,0,0,1051,R4決算書p41
2022,2,総務費,3,戸籍住民基本台帳費,1,戸籍住民基本台帳費,21775000,830000,2728000,0,25333000,24281292,,0,0,0,1051708,R4決算書p41
2022,2,総務費,4,選挙費,1,選挙管理委員会費,246000,-170000,0,0,76000,45360,,0,0,0,30640,R4決算書p42
2022,2,総務費,4,選挙費,3,参議院議員選挙費,3623000,462000,0,0,4085000,4037277,,0,0,0,47723,R4決算書p42
2022,2,総務費,4,選挙費,6,長野県議会議員選挙費,0,1445000,0,0,1445000,1415078,,0,0,0,29922,R4決算書p42
2022,2,総務費,4,選挙費,10,長野県知事選挙費,3423000,530000,0,0,3953000,3755729,,0,0,0,197271,R4決算書p42
2022,2,総務費,5,統計調査費,2,指定統計調査費,134000,-100000,0,0,34000,19206,,0,0,0,14794,R4決算書p43
2022,2,総務費,6,監査委員費,1,監査委員費,617000,34000,0,0,651000,632900,,0,0,0,18100,R4決算書p43
2022,2,総務費,7,国土調査費,1,地籍調査費,17326000,4253000,0,0,21579000,20942670,,0,0,0,636330,R4決算書p44
2022,3,民生費,1,社会福祉費,1,社会福祉総務費,76453000,418000,0,0,76871000,68672321,,0,0,0,8198679,R4決算書p45
2022,3,民生費,1,社会福祉費,2,老人福祉費,66420000,-10606000,0,0,55814000,55660958,,0,0,0,153042,R4決算書p47
2022,3,民生費,1,社会福祉費,3,国民年金事務費,5258000,93000,0,0,5351000,5167900,,0,0,0,183100,R4決算書p49
2022,3,民生費,1,社会福祉費,4,障害者福祉費,73638000,-7695000,0,0,65943000,64722948,,0,0,0,1220052,R4決算書p49
2022,3,民生費,1,社会福祉費,7,定住対策費,12100000,-5224000,0,0,6876000,6876000,,0,0,0,0,R4決算書p50
2022,3,民生費,1,社会福祉費,10,老人福祉施設管理運営費,32834000,166000,0,0,33000000,31709389,,0,0,0,1290611,R4決算書p50
2022,3,民生費,1,社会福祉費,13,在宅介護支援センター運営費,1994000,-161000,0,0,1833000,1802967,,0,0,0,30033,R4決算書p51
2022,3,民生費,1,社会福祉費,14,授産施設一般管理費,17976000,90000,0,0,18066000,17805644,,0,0,0,260356,R4決算書p51
2022,3,民生費,1,社会福祉費,15,授産施設業務費,4547000,-515000,0,0,4032000,3968985,,0,0,0,63015,R4決算書p52
2022,3,民生費,2,児童福祉費,2,児童措置費,10606000,4076000,0,0,14682000,14679318,,0,0,0,2682,R4決算書p53
2022,3,民生費,2,児童福祉費,5,保育所費,48135000,-5022000,0,0,43113000,42339710,,0,0,0,773290,R4決算書p54
2022,3,民生費,2,児童福祉費,7,児童クラブ運営費,27166000,-23435000,0,0,3731000,3671918,,0,0,0,59082,R4決算書p55
2022,4,衛生費,1,保健衛生費,1,保健衛生総務費,103687000,19643000,0,0,123330000,122719225,,0,0,0,610775,R4決算書p56
2022,4,衛生費,1,保健衛生費,2,予防費,9713000,-3176000,0,0,6537000,6305330,,0,0,0,231670,R4決算書p57
2022,4,衛生費,1,保健衛生費,3,環境衛生費,10648000,-52000,4700000,0,15296000,14663017,,0,0,0,632983,R4決算書p59
2022,4,衛生費,1,保健衛生費,4,新型コロナウイルス感染症対策費,3280000,1142000,0,0,4422000,4238306,,0,0,0,183694,R4決算書p61
2022,4,衛生費,2,清掃費,1,し尿処理費,14859000,0,0,0,14859000,14855560,,0,0,0,3440,R4決算書p61
2022,4,衛生費,2,清掃費,2,塵芥処理費,29932000,3153000,0,0,33085000,31679954,,0,0,0,1405046,R4決算書p61
2022,6,農林水産業費,1,農業費,1,農業委員会費,3204000,-172000,0,0,3032000,2982484,,0,0,0,49516,R4決算書p62
2022,6,農林水産業費,1,農業費,2,農業総務費,17725000,1828000,0,0,19553000,19021938,,0,0,0,531062,R4決算書p63
2022,6,農林水産業費,1,農業費,3,農業振興費,42656000,-6461000,902000,0,37097000,36015367,,0,0,0,1081633,R4決算書p63
2022,6,農林水産業費,1,農業費,4,畜産業費,1496000,-260000,0,0,1236000,1219296,,0,0,0,16704,R4決算書p66
2022,6,農林水産業費,1,農業費,5,畜産振興費,321000,1000,2970000,0,3292000,3285590,,0,0,0,6410,R4決算書p66
2022,6,農林水産業費,1,農業費,6,農地費,2191000,517000,0,0,2708000,2664856,,0,0,0,43144,R4決算書p66
2022,6,農林水産業費,1,農業費,20,地域おこし協力隊事業,1880000,-152000,0,0,1728000,1699713,,0,0,0,28287,R4決算書p66
2022,6,農林水産業費,1,農業費,21,日本型直接支払事業,5369000,-253000,0,0,5116000,4605853,,0,0,0,510147,R4決算書p67
2022,6,農林水産業費,2,林業費,1,林業総務費,11352000,-65000,1210000,540000,13037000,12970411,,0,0,0,66589,R4決算書p67
2022,6,農林水産業費,2,林業費,2,林業振興費,15493000,2671000,0,0,18164000,15543170,,0,2046000,0,574830,R4決算書p68
2022,6,農林水産業費,2,林業費,3,林道費,76319000,4774000,19767000,0,100860000,94203140,,0,3267000,0,3389860,R4決算書p69
2022,6,農林水産業費,2,林業費,4,造林費,9164000,1700000,0,-540000,10324000,9571405,,0,0,0,752595,R4決算書p70
2022,6,農林水産業費,2,林業費,10,森林環境譲与税活用費,5065000,4678000,3410000,0,13153000,4461840,,0,8690000,0,1160,R4決算書p70
2022,7,商工費,1,商工費,1,商工総務費,10468000,-1712000,0,0,8756000,8603176,,0,0,0,152824,R4決算書p70
2022,7,商工費,1,商工費,2,商工振興費,17646000,13413000,0,0,31059000,31012807,,0,0,0,46193,R4決算書p71
2022,7,商工費,1,商工費,3,観光費,56044000,18005000,7094000,0,81143000,71886575,,0,2585000,0,6671425,R4決算書p71
2022,7,商工費,1,商工費,4,地域おこし協力隊事業,12501000,-8103000,0,0,4398000,4394164,,0,0,0,3836,R4決算書p74
2022,7,商工費,1,商工費,5,集落支援事業,0,921000,0,0,921000,918588,,0,0,0,2412,R4決算書p74
2022,8,土木費,1,土木管理費,1,土木総務費,872000,3436000,0,0,4308000,3455800,,0,0,0,852200,R4決算書p75
2022,8,土木費,2,道路橋梁費,1,道路維持費,13140000,940000,7454000,0,21534000,17901854,,0,0,0,3632146,R4決算書p75
2022,8,土木費,2,道路橋梁費,2,道路新設改良費,70639000,2664000,57973000,0,131276000,128881769,,0,0,0,2394231,R4決算書p76
2022,8,土木費,2,道路橋梁費,3,道路台帳整備費,2718000,0,0,0,2718000,2695000,,0,0,0,23000,R4決算書p77
2022,8,土木費,2,道路橋梁費,4,橋梁維持費,51670000,-1221000,74900000,0,125349000,59236400,,0,45058860,0,21053740,R4決算書p77
2022,8,土木費,3,河川費,1,河川維持費,9777000,1883000,0,0,11660000,10961500,,0,0,0,698500,R4決算書p77
2022,8,土木費,4,住宅費,1,住宅管理費,13683000,3838000,0,0,17521000,17499386,,0,0,0,21614,R4決算書p77
2022,9,消防費,1,消防費,1,常備消防費,40576000,0,0,0,40576000,40576000,,0,0,0,0,R4決算書p78
2022,9,消防費,1,消防費,2,非常備消防費,21468000,-5688000,600000,0,16380000,15842079,,0,0,0,537921,R4決算書p78
2022,9,消防費,1,消防費,3,消防施設費,10948000,-1961000,0,0,8987000,8972249,,0,0,0,14751,R4決算書p80
2022,9,消防費,1,消防費,6,災害防止費,1971000,5266000,0,325000,7562000,7301050,,0,0,0,260950,R4決算書p81
2022,9,消防費,1,消防費,7,山岳遭難救助費,1978000,-1774000,0,0,204000,203900,,0,0,0,100,R4決算書p81
2022,10,教育費,1,教育総務費,1,教育委員会費,1108000,-196000,0,0,912000,800900,,0,0,0,111100,R4決算書p81
2022,10,教育費,1,教育総務費,2,事務局費,26662000,-4967000,0,0,21695000,20997501,,0,0,0,697499,R4決算書p82
2022,10,教育費,1,教育総務費,4,文化財保存費,6321000,10458000,849000,0,17628000,16357412,,0,0,0,1270588,R4決算書p83
2022,10,教育費,1,教育総務費,6,文化施設費,14895000,1524000,15090000,0,31509000,31157903,,0,0,0,351097,R4決算書p84
2022,10,教育費,2,小学校費,1,学校管理費,33790000,1662000,0,0,35452000,31862975,,0,605000,0,2984025,R4決算書p86
2022,10,教育費,2,小学校費,2,教育振興費,5185000,-626000,0,0,4559000,4095685,,0,0,0,463315,R4決算書p88
2022,10,教育費,3,中学校費,1,学校管理費,45715000,1122000,0,0,46837000,45055151,,0,0,0,1781849,R4決算書p89
2022,10,教育費,3,中学校費,2,教育振興費,2347000,-375000,0,0,1972000,1786263,,0,0,0,185737,R4決算書p91
2022,10,教育費,4,社会教育費,1,社会教育総務費,7344000,-3242000,0,0,4102000,3811842,,0,0,0,290158,R4決算書p92
2022,10,教育費,4,社会教育費,2,公民館費,22247000,22779000,0,0,45026000,38479143,,0,4444000,0,2102857,R4決算書p92
2022,10,教育費,5,保健体育費,1,保健体育総務費,1844000,-492000,0,0,1352000,609487,,0,0,0,742513,R4決算書p94
2022,10,教育費,5,保健体育費,2,学校給食運営費,11433000,720000,0,0,12153000,11534782,,0,0,0,618218,R4決算書p95
2022,10,教育費,5,保健体育費,4,体育施設管理費,5238000,-75000,0,0,5163000,5083663,,0,0,0,79337,R4決算書p96
2022,11,災害復旧費,1,農林水産業施設災害復旧費,1,農地農業用施設災害復旧費,0,1594000,23399000,0,24993000,22484000,,0,0,0,2509000,R4決算書p96
2022,11,災害復旧費,1,農林水産業施設災害復旧費,2,林道施設災害復旧費,63157000,215416000,134179000,0,412752000,60703000,,0,249262000,98874600,3912400,R4決算書p97
2022,11,災害復旧費,2,公共土木施設災害復旧費,1,道路橋梁災害復旧費,0,5556000,7352000,0,12908000,12773000,,0,0,0,135000,R4決算書p97
2022,11,災害復旧費,2,公共土木施設災害復旧費,3,河川災害復旧費,0,0,5000000,0,5000000,4235000,,0,0,0,765000,R4決算書p97
2022,12,公債費,1,公債費,1,元金,195978000,0,0,0,195978000,193717870,,0,0,0,2260130,R4決算書p97
2022,12,公債費,1,公債費,2,利子,11663000,-4762000,0,0,6901000,2726683,,0,0,0,4174317,R4決算書p97
2022,13,諸支出金,1,基金費,1,財政調整基金費,850000,-507000,0,0,343000,342499,,0,0,0,501,R4決算書p98
2022,13,諸支出金,1,基金費,2,減債基金費,1198000,-742000,0,0,456000,455634,,0,0,0,366,R4決算書p98
2022,13,諸支出金,1,基金費,3,公共施設等整備基金費,1433000,60000000,0,0,61433000,60531148,,0,0,0,901852,R4決算書p98
2022,13,諸支出金,1,基金費,4,文教施設整備基金費,40000,25000000,0,0,25040000,25019797,,0,0,0,20203,R4決算書p98
2022,13,諸支出金,1,基金費,5,ふるさとづくり基金費,3270000,98800000,0,0,102070000,101828396,,0,0,0,241604,R4決算書p98
2022,13,諸支出金,1,基金費,6,高齢者福祉基金費,51000,0,0,0,51000,16002,,0,0,0,34998,R4決算書p98
2022,13,諸支出金,1,基金費,14,森林環境譲与税基金,10135000,-5253000,0,0,4882000,4881946,,0,0,0,54,R4決算書p98
2022,14,予備費,1,予備費,1,予備費,10000000,0,0,-325000,9675000,0,,0,0,0,9675000,R4決算書p98
2023,1,議会費,1,議会費,1,議会費,28059000,-1091000,,,26968000,26660825,,,,,307175,R5決算書p18
2023,2,総務費,1,総務管理費,1,一般管理費,154191000,-20278000,,250000,134163000,133294464,,,,,868536,R5決算書p18
2023,2,総務費,1,総務管理費,2,文書広報費,32863000,-5186000,,,27677000,27506298,,,,,170702,R5決算書p20
2023,2,総務費,1,総務管理費,3,財政管理費,6980000,-58000,,,6922000,6921200,,,,,800,R5決算書p21
2023,2,総務費,1,総務管理費,5,財産管理費,13047000,361000,,,13408000,12559698,,,,,848302,R5決算書p21
2023,2,総務費,1,総務管理費,6,企画費,68102000,42802000,,,110904000,45865975,,,65000000,,38025,R5決算書p22
2023,2,総務費,1,総務管理費,8,交通安全対策費,4145000,8496000,,,12641000,12322610,,,,,318390,R5決算書p23
2023,2,総務費,1,総務管理費,9,電子計算費,31195000,-1156000,,,30039000,30031201,,,,,7799,R5決算書p24
2023,2,総務費,1,総務管理費,10,ＣＡＴＶ事業費,25245000,-2685000,,,22560000,22411719,,,,,148281,R5決算書p24
2023,2,総務費,2,徴税費,1,税務総務費,34285000,-378000,,,33907000,33090902,,,,,816098,R5決算書p25
2023,2,総務費,2,徴税費,2,賦課徴収費,5475000,-1498000,,,3977000,3917756,,,,,59244,R5決算書p26
2023,2,総務費,3,戸籍住民基本台帳費,1,戸籍住民基本台帳費,20807000,3365000,,,24172000,16215272,,,7951900,,4828,R5決算書p26
2023,2,総務費,4,選挙費,1,選挙管理委員会費,256000,-109000,,,147000,145540,,,,,1460,R5決算書p27
2023,2,総務費,4,選挙費,6,長野県議会議員選挙費,2280000,-143000,,-35600,2101400,2021587,,,,,79813,R5決算書p27
2023,2,総務費,4,選挙費,7,村議会議員選挙費,3850000,-1792000,,35600,2093600,2091412,,,,,2188,R5決算書p27
2023,2,総務費,5,統計調査費,2,指定統計調査費,187000,-62000,,,125000,103189,,,,,21811,R5決算書p27
2023,2,総務費,6,監査委員費,1,監査委員費,656000,-15000,,,641000,634470,,,,,6530,R5決算書p27
2023,2,総務費,7,国土調査費,1,地籍調査費,19048000,-196000,,,18852000,18421691,,,,,430309,R5決算書p28
2023,3,民生費,1,社会福祉費,1,社会福祉総務費,78935000,25591000,,,104526000,96819547,,,,,7706453,R5決算書p29
2023,3,民生費,1,社会福祉費,2,老人福祉費,66592000,-4970000,,,61622000,59442227,,,,,2179773,R5決算書p31
2023,3,民生費,1,社会福祉費,3,国民年金事務費,5423000,82000,,,5505000,5500218,,,,,4782,R5決算書p32
2023,3,民生費,1,社会福祉費,4,障害者福祉費,71734000,-6758000,,,64976000,62405587,,,,,2570413,R5決算書p32
2023,3,民生費,1,社会福祉費,7,定住対策費,13880000,-9287000,,,4593000,4593000,,,,,0,R5決算書p32
2023,3,民生費,1,社会福祉費,10,老人福祉施設管理運営費,36872000,7000,,,36879000,29754917,,,,,7124083,R5決算書p32
2023,3,民生費,1,社会福祉費,13,在宅介護支援センター運営費,1780000,-667000,,,1113000,955942,,,,,157058,R5決算書p33
2023,3,民生費,1,社会福祉費,14,授産施設一般管理費,16327000,-75000,,,16252000,16179149,,,,,72851,R5決算書p33
2023,3,民生費,1,社会福祉費,15,授産施設業務費,5501000,-104000,,,5397000,5393585,,,,,3415,R5決算書p34
2023,3,民生費,2,児童福祉費,2,児童措置費,12533000,7177000,,,19710000,18515131,,,,,1194869,R5決算書p35
2023,3,民生費,2,児童福祉費,5,保育所費,39165000,-6834000,,,32331000,31755727,,,,,575273,R5決算書p35
2023,3,民生費,2,児童福祉費,7,児童クラブ運営費,3284000,676000,,,3960000,3923112,,,,,36888,R5決算書p36
2023,3,民生費,2,児童福祉費,8,通学合宿事業費,555000,-555000,,,0,0,,,,,0,R5決算書p37
2023,4,衛生費,1,保健衛生費,1,保健衛生総務費,103117000,57210000,,,160327000,159457964,,,,,869036,R5決算書p37
2023,4,衛生費,1,保健衛生費,2,予防費,11163000,-3129000,,,8034000,7532212,,,,,501788,R5決算書p38
2023,4,衛生費,1,保健衛生費,3,環境衛生費,10814000,-451000,,,10363000,10259266,,,,,103734,R5決算書p40
2023,4,衛生費,1,保健衛生費,4,新型コロナウイルス感染症対策費,3181000,288000,,,3469000,3294052,,,,,174948,R5決算書p41
2023,4,衛生費,2,清掃費,1,し尿処理費,14930000,-1060000,,,13870000,13869820,,,,,180,R5決算書p41
2023,4,衛生費,2,清掃費,2,塵芥処理費,33451000,-103000,,,33348000,32870202,,,,,477798,R5決算書p41
2023,6,農林水産業費,1,農業費,1,農業委員会費,3179000,50000,,,3229000,3126791,,,,,102209,R5決算書p42
2023,6,農林水産業費,1,農業費,2,農業総務費,20366000,597000,,,20963000,20945991,,,,,17009,R5決算書p42
2023,6,農林水産業費,1,農業費,3,農業振興費,37827000,-2567000,,,35260000,33707744,,,,,1552256,R5決算書p43
2023,6,農林水産業費,1,農業費,4,畜産業費,1484000,-234000,,,1250000,1249266,,,,,734,R5決算書p44
2023,6,農林水産業費,1,農業費,5,畜産振興費,952000,-397000,,,555000,551800,,,,,3200,R5決算書p44
2023,6,農林水産業費,1,農業費,6,農地費,2319000,3234000,,,5553000,5535725,,,,,17275,R5決算書p45
2023,6,農林水産業費,1,農業費,7,農業振興地域整備促進事業費,168000,-168000,,,0,0,,,,,0,R5決算書p45
2023,6,農林水産業費,1,農業費,20,地域おこし協力隊事業,4842000,-4816000,,,26000,25840,,,,,160,R5決算書p45
2023,6,農林水産業費,1,農業費,21,日本型直接支払事業,4810000,-111000,,,4699000,4557374,,,,,141626,R5決算書p45
2023,6,農林水産業費,1,農業費,22,集落支援事業,4916000,-299000,,,4617000,4613695,,,,,3305,R5決算書p45
2023,6,農林水産業費,2,林業費,1,林業総務費,11754000,-2069000,,,9685000,9680665,,,,,4335,R5決算書p46
2023,6,農林水産業費,2,林業費,2,林業振興費,17198000,-5132000,2046000,,14112000,13887656,,,,,224344,R5決算書p46
2023,6,農林水産業費,2,林業費,3,林道費,58101000,45014000,3267000,,106382000,73378412,,,32989000,,14588,R5決算書p47
2023,6,農林水産業費,2,林業費,4,造林費,6000000,-1105000,,,4895000,4894859,,,,,141,R5決算書p47
2023,6,農林水産業費,2,林業費,6,森林整備センター受託事業費,990000,-220000,,,770000,770000,,,,,0,R5決算書p47
2023,6,農林水産業費,2,林業費,10,森林環境譲与税活用費,15611000,-2323000,8690000,,21978000,8888000,,,13090000,,0,R5決算書p48
2023,6,農林水産業費,2,林業費,11,集落支援事業,0,5000,,,5000,4300,,,,,700,R5決算書p48
2023,7,商工費,1,商工費,1,商工総務費,14296000,-950000,,,13346000,13342552,,,,,3448,R5決算書p48
2023,7,商工費,1,商工費,2,商工振興費,18042000,7888000,,,25930000,24513022,,,,,1416978,R5決算書p48
2023,7,商工費,1,商工費,3,観光費,48298000,5030000,2585000,,55913000,55627888,,,,,285112,R5決算書p49
2023,7,商工費,1,商工費,4,地域おこし協力隊事業,8932000,-5334000,,,3598000,3498320,,,,,99680,R5決算書p50
2023,7,商工費,1,商工費,5,集落支援事業,2439000,-2000,,,2437000,2432253,,,,,4747,R5決算書p51
2023,8,土木費,1,土木管理費,1,土木総務費,1050000,-19000,,,1031000,1002100,,,,,28900,R5決算書p51
2023,8,土木費,2,道路橋梁費,1,道路維持費,17612000,4759000,,,22371000,22260700,,,,,110300,R5決算書p52
2023,8,土木費,2,道路橋梁費,2,道路新設改良費,178475000,-8400000,,,170075000,169958435,,,,,116565,R5決算書p52
2023,8,土木費,2,道路橋梁費,3,道路台帳整備費,2718000,0,,,2718000,2695000,,,,,23000,R5決算書p53
2023,8,土木費,2,道路橋梁費,4,橋梁維持費,19940000,16075000,45058860,,81073860,79640000,,,,,1433860,R5決算書p53
2023,8,土木費,3,河川費,1,河川維持費,10997000,7359000,,,18356000,18266600,,,,,89400,R5決算書p53
2023,8,土木費,4,住宅費,1,住宅管理費,10528000,-1346000,,,9182000,8804537,,,,,377463,R5決算書p53
2023,9,消防費,1,消防費,1,常備消防費,35859000,0,,,35859000,35859000,,,,,0,R5決算書p54
2023,9,消防費,1,消防費,2,非常備消防費,19885000,-4300000,,,15585000,14078319,,,,,1506681,R5決算書p54
2023,9,消防費,1,消防費,3,消防施設費,11247000,-3308000,,,7939000,7827611,,,,,111389,R5決算書p55
2023,9,消防費,1,消防費,4,水防費,50000,-38000,,,12000,11330,,,,,670,R5決算書p56
2023,9,消防費,1,消防費,6,災害防止費,1540000,-878000,,,662000,661525,,,,,475,R5決算書p56
2023,9,消防費,1,消防費,7,山岳遭難救助費,1981000,-1548000,,,433000,326180,,,,,106820,R5決算書p56
2023,10,教育費,1,教育総務費,1,教育委員会費,1030000,-182000,,,848000,826060,,,,,21940,R5決算書p56
2023,10,教育費,1,教育総務費,2,事務局費,172295000,8121000,,,180416000,30033042,,,150000000,,382958,R5決算書p57
2023,10,教育費,1,教育総務費,4,文化財保存費,5372000,1289000,,,6661000,6325102,,,,,335898,R5決算書p58
2023,10,教育費,1,教育総務費,6,文化施設費,13637000,1838000,,,15475000,14951419,,,,,523581,R5決算書p58
2023,10,教育費,2,小学校費,1,学校管理費,29548000,841000,605000,,30994000,29501958,,,,,1492042,R5決算書p59
2023,10,教育費,2,小学校費,2,教育振興費,6685000,237000,,,6922000,6687887,,,,,234113,R5決算書p61
2023,10,教育費,3,中学校費,1,学校管理費,35414000,3197000,,,38611000,36733039,,,,,1877961,R5決算書p62
2023,10,教育費,3,中学校費,2,教育振興費,3399000,-459000,,,2940000,2625945,,,,,314055,R5決算書p63
2023,10,教育費,4,社会教育費,1,社会教育総務費,4979000,-240000,,,4739000,4700294,,,,,38706,R5決算書p64
2023,10,教育費,4,社会教育費,2,公民館費,73095000,50821000,4444000,,128360000,123245793,,,,,5114207,R5決算書p64
2023,10,教育費,5,保健体育費,1,保健体育総務費,1556000,-1208000,,,348000,233689,,,,,114311,R5決算書p65
2023,10,教育費,5,保健体育費,2,学校給食運営費,12963000,243000,,,13206000,12424005,,,,,781995,R5決算書p65
2023,10,教育費,5,保健体育費,4,体育施設管理費,1775000,-402000,,,1373000,1361797,,,,,11203,R5決算書p66
2023,11,災害復旧費,1,農林水産業施設災害復旧費,1,農地農業用施設災害復旧費,0,9522000,,,9522000,5522000,,,4000000,,0,R5決算書p67
2023,11,災害復旧費,1,農林水産業施設災害復旧費,2,林道施設災害復旧費,0,21813000,348136600,,369949600,327121435,,,,41924000,904165,R5決算書p67
2023,12,公債費,1,公債費,1,元金,193644000,21000000,,2730000,217374000,217370369,,,,,3631,R5決算書p67
2023,12,公債費,1,公債費,2,利子,8708000,-830000,,-2730000,5148000,5045653,,,,,102347,R5決算書p67
2023,13,諸支出金,1,基金費,1,財政調整基金費,147000,-53000,,,94000,93179,,,,,821,R5決算書p67
2023,13,諸支出金,1,基金費,2,減債基金費,120000,30000000,,,30120000,30119946,,,,,54,R5決算書p68
2023,13,諸支出金,1,基金費,3,公共施設等整備基金費,161000,17000000,,,17161000,17160939,,,,,61,R5決算書p68
2023,13,諸支出金,1,基金費,4,文教施設整備基金費,5000,0,,,5000,4500,,,,,500,R5決算書p68
2023,13,諸支出金,1,基金費,5,ふるさとづくり基金費,2148000,100477000,,,102625000,102624044,,,,,956,R5決算書p68
2023,13,諸支出金,1,基金費,6,高齢者福祉基金費,4000,0,,,4000,3637,,,,,363,R5決算書p68
2023,13,諸支出金,1,基金費,14,森林環境譲与税基金,1000,1336000,,,1337000,1336974,,,,,26,R5決算書p68
2023,14,予備費,1,予備費,1,予備費,10000000,-6511000,,-250000,3239000,0,,,,,3239000,R5決算書p68
2024,1,議会費,1,議会費,1,議会費,28033000,202000,,,28235000,27692883,,,,,542117,R6決算書p18
2024,2,総務費,1,総務管理費,1,一般管理費,158919000,-12024000,,-550,146894450,144196274,,,,,2698176,R6決算書p18
2024,2,総務費,1,総務管理費,2,文書広報費,54116000,6000,,550,54122550,13189729,,,39600000,,1332821,R6決算書p20
2024,2,総務費,1,総務管理費,3,財政管理費,7134000,-58000,,,7076000,7075200,,,,,800,R6決算書p21
2024,2,総務費,1,総務管理費,5,財産管理費,17254000,-1215000,,,16039000,13302616,,,,,2736384,R6決算書p21
2024,2,総務費,1,総務管理費,6,企画費,51242000,24261000,65000000,,140503000,132563069,,,1845000,,6094931,R6決算書p22
2024,2,総務費,1,総務管理費,8,交通安全対策費,6491000,9570000,,,16061000,14732661,,,,,1328339,R6決算書p23
2024,2,総務費,1,総務管理費,9,電子計算費,45064000,-5713000,,,39351000,37534051,,,,,1816949,R6決算書p24
2024,2,総務費,1,総務管理費,10,ＣＡＴＶ事業費,18493000,-1353000,,,17140000,16734305,,,,,405695,R6決算書p25
2024,2,総務費,2,徴税費,1,税務総務費,24216000,6716000,,,30932000,30192031,,,,,739969,R6決算書p25
2024,2,総務費,2,徴税費,2,賦課徴収費,4960000,-2861000,,,2099000,2098419,,,,,581,R6決算書p26
2024,2,総務費,3,戸籍住民基本台帳費,1,戸籍住民基本台帳費,53031000,-10942000,7951900,,50040900,47871591,,,,,2169309,R6決算書p26
2024,2,総務費,4,選挙費,1,選挙管理委員会費,262000,-104000,,,158000,157900,,,,,100,R6決算書p27
2024,2,総務費,4,選挙費,4,村長選挙費,3089000,-2071000,,,1018000,1015725,,,,,2275,R6決算書p27
2024,2,総務費,4,選挙費,9,衆議院議員選挙費,0,3107000,,,3107000,3099343,,,,,7657,R6決算書p27
2024,2,総務費,5,統計調査費,2,指定統計調査費,798000,-277000,,,521000,518291,,,,,2709,R6決算書p27
2024,2,総務費,6,監査委員費,1,監査委員費,659000,-54000,,,605000,599940,,,,,5060,R6決算書p28
2024,2,総務費,7,国土調査費,1,地籍調査費,19626000,1229000,,,20855000,20517117,,,,,337883,R6決算書p28
2024,3,民生費,1,社会福祉費,1,社会福祉総務費,93880000,9512000,,,103392000,94020046,,,683000,,8688954,R6決算書p29
2024,3,民生費,1,社会福祉費,2,老人福祉費,62267000,-6434000,,,55833000,54621146,,,,,1211854,R6決算書p31
2024,3,民生費,1,社会福祉費,3,国民年金事務費,5868000,275000,,,6143000,6139509,,,,,3491,R6決算書p32
2024,3,民生費,1,社会福祉費,4,障害者福祉費,71779000,-9303000,,,62476000,58938987,,,,,3537013,R6決算書p32
2024,3,民生費,1,社会福祉費,7,定住対策費,13675000,-6952000,,,6723000,6722500,,,,,500,R6決算書p32
2024,3,民生費,1,社会福祉費,10,老人福祉施設管理運営費,40906000,1077000,,,41983000,40706029,,,,,1276971,R6決算書p33
2024,3,民生費,1,社会福祉費,13,在宅介護支援センター運営費,2176000,-732000,,,1444000,1288369,,,,,155631,R6決算書p33
2024,3,民生費,1,社会福祉費,14,授産施設一般管理費,16612000,1594000,,,18206000,18030264,,,,,175736,R6決算書p33
2024,3,民生費,1,社会福祉費,15,授産施設業務費,5660000,465000,,,6125000,6068358,,,,,56642,R6決算書p34
2024,3,民生費,2,児童福祉費,2,児童措置費,13849000,2559000,,,16408000,16135713,,,,,272287,R6決算書p35
2024,3,民生費,2,児童福祉費,5,保育所費,33436000,3596000,,,37032000,36245645,,,,,786355,R6決算書p35
2024,3,民生費,2,児童福祉費,7,児童クラブ運営費,3471000,-26000,,,3445000,3444044,,,,,956,R6決算書p37
2024,4,衛生費,1,保健衛生費,1,保健衛生総務費,137609000,1035000,,,138644000,137684357,,,506000,,453643,R6決算書p37
2024,4,衛生費,1,保健衛生費,2,予防費,10148000,-404000,,,9744000,9028913,,,,,715087,R6決算書p38
2024,4,衛生費,1,保健衛生費,3,環境衛生費,10799000,620000,,,11419000,11147983,,,,,271017,R6決算書p39
2024,4,衛生費,2,清掃費,1,し尿処理費,15815000,0,,,15815000,15371040,,,,,443960,R6決算書p40
2024,4,衛生費,2,清掃費,2,塵芥処理費,34510000,-809000,,,33701000,32456971,,,,,1244029,R6決算書p40
2024,6,農林水産業費,1,農業費,1,農業委員会費,3486000,-273000,,,3213000,3204122,,,,,8878,R6決算書p41
2024,6,農林水産業費,1,農業費,2,農業総務費,19164000,2818000,,,21982000,21951316,,,,,30684,R6決算書p41
2024,6,農林水産業費,1,農業費,3,農業振興費,27653000,6512000,,,34165000,33557349,,,,,607651,R6決算書p42
2024,6,農林水産業費,1,農業費,4,畜産業費,1539000,-240000,,,1299000,1276682,,,,,22318,R6決算書p44
2024,6,農林水産業費,1,農業費,5,畜産振興費,2365000,-2205000,,,160000,159123,,,,,877,R6決算書p44
2024,6,農林水産業費,1,農業費,6,農地費,42991000,-3920000,,,39071000,1745219,,,,,37325781,R6決算書p44
2024,6,農林水産業費,1,農業費,7,農業振興地域整備促進事業費,168000,-112000,,,56000,55900,,,,,100,R6決算書p44
2024,6,農林水産業費,1,農業費,20,地域おこし協力隊事業,5546000,-5546000,,,0,0,,,,,0,R6決算書p44
2024,6,農林水産業費,1,農業費,21,日本型直接支払事業,4878000,-198000,,,4680000,4568440,,,,,111560,R6決算書p45
2024,6,農林水産業費,1,農業費,22,集落支援事業,4738000,123000,,,4861000,4779410,,,,,81590,R6決算書p45
2024,6,農林水産業費,2,林業費,1,林業総務費,11332000,-1626000,,,9706000,9603179,,,,,102821,R6決算書p45
2024,6,農林水産業費,2,林業費,2,林業振興費,22292000,-5699000,,,16593000,16201914,,,,,391086,R6決算書p46
2024,6,農林水産業費,2,林業費,3,林道費,62633000,11955000,32989000,,107577000,70165331,,,29876000,,7535669,R6決算書p46
2024,6,農林水産業費,2,林業費,4,造林費,6500000,-1500000,,,5000000,4611597,,,,,388403,R6決算書p47
2024,6,農林水産業費,2,林業費,6,森林整備センター受託事業費,1320000,-803000,,,517000,517000,,,,,0,R6決算書p47
2024,6,農林水産業費,2,林業費,10,森林環境譲与税活用費,20769000,-4965000,13090000,,28894000,17936000,,,10780000,,178000,R6決算書p47
2024,6,農林水産業費,2,林業費,11,集落支援事業,246000,-246000,,,0,0,,,,,0,R6決算書p47
2024,7,商工費,1,商工費,1,商工総務費,19836000,-7162000,,,12674000,12654564,,,,,19436,R6決算書p48
2024,7,商工費,1,商工費,2,商工振興費,21403000,5426000,,,26829000,26590314,,,,,238686,R6決算書p48
2024,7,商工費,1,商工費,3,観光費,95372000,-6430000,,312400,89254400,70419149,,,18462000,,373251,R6決算書p49
2024,7,商工費,1,商工費,4,地域おこし協力隊事業,5079000,-1711000,,,3368000,3362331,,,,,5669,R6決算書p50
2024,7,商工費,1,商工費,5,集落支援事業,3842000,-119000,,,3723000,3680444,,,,,42556,R6決算書p51
2024,8,土木費,1,土木管理費,1,土木総務費,1162000,-84000,,,1078000,855100,,,,,222900,R6決算書p51
2024,8,土木費,2,道路橋梁費,1,道路維持費,23515000,5152000,,,28667000,27471555,,,,,1195445,R6決算書p52
2024,8,土木費,2,道路橋梁費,2,道路新設改良費,167227000,12774000,,18000,180019000,172175051,,,7541000,,302949,R6決算書p52
2024,8,土木費,2,道路橋梁費,3,道路台帳整備費,2938000,0,,,2938000,2926000,,,,,12000,R6決算書p53
2024,8,土木費,2,道路橋梁費,4,橋梁維持費,93680000,10220000,,-18000,103882000,28893000,,,69931000,,5058000,R6決算書p53
2024,8,土木費,3,河川費,1,河川維持費,10997000,9599000,,,20596000,20559220,,,,,36780,R6決算書p53
2024,8,土木費,4,住宅費,1,住宅管理費,10234000,3331000,,,13565000,13399368,,,,,165632,R6決算書p53
2024,9,消防費,1,消防費,1,常備消防費,36860000,0,,,36860000,36860000,,,,,0,R6決算書p54
2024,9,消防費,1,消防費,2,非常備消防費,16539000,-5029000,,,11510000,11365041,,,,,144959,R6決算書p54
2024,9,消防費,1,消防費,3,消防施設費,12903000,-6867000,,,6036000,6013547,,,,,22453,R6決算書p55
2024,9,消防費,1,消防費,4,水防費,50000,-37000,,,13000,12100,,,,,900,R6決算書p56
2024,9,消防費,1,消防費,6,災害防止費,1054000,-493000,,,561000,560778,,,,,222,R6決算書p56
2024,9,消防費,1,消防費,7,山岳遭難救助費,1982000,-668000,,,1314000,339740,,,,,974260,R6決算書p56
2024,10,教育費,1,教育総務費,1,教育委員会費,1024000,202000,,,1226000,1153118,,,,,72882,R6決算書p56
2024,10,教育費,1,教育総務費,2,事務局費,31212000,2297000,150000000,,183509000,168391014,,,,,15117986,R6決算書p57
2024,10,教育費,1,教育総務費,4,文化財保存費,6169000,1305000,,,7474000,7350605,,,,,123395,R6決算書p58
2024,10,教育費,1,教育総務費,6,文化施設費,17694000,1279000,,,18973000,18523183,,,,,449817,R6決算書p59
2024,10,教育費,2,小学校費,1,学校管理費,28963000,8815000,,,37778000,36504892,,,,,1273108,R6決算書p60
2024,10,教育費,2,小学校費,2,教育振興費,9613000,245000,,,9858000,9582137,,,,,275863,R6決算書p61
2024,10,教育費,3,中学校費,1,学校管理費,43122000,-12343000,,,30779000,29172707,,,,,1606293,R6決算書p62
2024,10,教育費,3,中学校費,2,教育振興費,3727000,-660000,,,3067000,2832359,,,,,234641,R6決算書p63
2024,10,教育費,4,社会教育費,1,社会教育総務費,5007000,3802000,,,8809000,7505173,,,,,1303827,R6決算書p64
2024,10,教育費,4,社会教育費,2,公民館費,14020000,9672000,,,23692000,15558321,,,6875000,,1258679,R6決算書p64
2024,10,教育費,5,保健体育費,1,保健体育総務費,1631000,-1121000,,,510000,445620,,,,,64380,R6決算書p65
2024,10,教育費,5,保健体育費,2,学校給食運営費,13899000,243000,,,14142000,13790117,,,,,351883,R6決算書p65
2024,10,教育費,5,保健体育費,4,体育施設管理費,1785000,-126000,,,1659000,1554026,,,,,104974,R6決算書p66
2024,11,災害復旧費,1,農林水産業施設災害復旧費,1,農地農業用施設災害復旧費,0,0,4000000,,4000000,891000,,,,,3109000,R6決算書p67
2024,11,災害復旧費,1,農林水産業施設災害復旧費,2,林道施設災害復旧費,4950000,78834000,41924000,,125708000,72166000,,,42358000,,11184000,R6決算書p67
2024,12,公債費,1,公債費,1,元金,229608000,28186000,,-651057,257142943,228107383,,,,,29035560,R6決算書p67
2024,12,公債費,1,公債費,2,利子,4314000,3400000,,651057,8365057,7360219,,,,,1004838,R6決算書p67
2024,13,諸支出金,1,基金費,1,財政調整基金費,94000,0,,,94000,93259,,,,,741,R6決算書p67
2024,13,諸支出金,1,基金費,2,減債基金費,120000,1000,,,121000,120297,,,,,703,R6決算書p67
2024,13,諸支出金,1,基金費,3,公共施設等整備基金費,173000,1000,,,174000,173445,,,,,555,R6決算書p68
2024,13,諸支出金,1,基金費,4,文教施設整備基金費,18000,0,,,18000,17299,,,,,701,R6決算書p68
2024,13,諸支出金,1,基金費,5,ふるさとづくり基金費,2711000,-174000,,,2537000,2533041,,,,,3959,R6決算書p68
2024,13,諸支出金,1,基金費,6,高齢者福祉基金費,4000,30000000,,,30004000,30003647,,,,,353,R6決算書p68
2024,13,諸支出金,1,基金費,13,奨学資金貸付基金,0,2228000,,,2228000,2228000,,,,,0,R6決算書p68
2024,13,諸支出金,1,基金費,14,森林環境譲与税基金,2000,15353000,,,15355000,15354222,,,,,778,R6決算書p68
2024,13,諸支出金,2,普通財産取得費,1,立木取得費,0,847000,,,847000,847000,,,,,0,R6決算書p68
2024,14,予備費,1,予備費,1,予備費,10000000,0,,-312400,9687600,0,,,,,9687600,R6決算書p68
2025,1,議会費,1,議会費,1,議会費,27742000,-445000,,,27297000,27163440,,,,,133560,R7決算書p19
2025,2,総務費,1,総務管理費,1,一般管理費,154515000,-6671000,,,147844000,145560803,,,,,2283197,R7決算書p19
2025,2,総務費,1,総務管理費,2,文書広報費,36965000,-6820000,39600000,,69745000,69168630,,,,,576370,R7決算書p21
2025,2,総務費,1,総務管理費,3,財政管理費,7222000,-56000,,,7166000,7164510,,,,,1490,R7決算書p22
2025,2,総務費,1,総務管理費,5,財産管理費,15814000,-365000,,,15449000,15159576,,,,,289424,R7決算書p22
2025,2,総務費,1,総務管理費,6,企画費,56896000,14037000,1845000,,72778000,66930978,,,3415000,,2432022,R7決算書p23
2025,2,総務費,1,総務管理費,8,交通安全対策費,5177000,6868000,,,12045000,11476503,,,,,568497,R7決算書p24
2025,2,総務費,1,総務管理費,9,電子計算費,151511000,-10139000,,,141372000,137914291,,,,,3457709,R7決算書p25
2025,2,総務費,1,総務管理費,10,ＣＡＴＶ事業費,20368000,-498000,,,19870000,18287533,,,,,1582467,R7決算書p26
2025,2,総務費,2,徴税費,1,税務総務費,23528000,3455000,,,26983000,26866747,,,,,116253,R7決算書p26
2025,2,総務費,2,徴税費,2,賦課徴収費,8496000,-3125000,,,5371000,5370835,,,,,165,R7決算書p27
2025,2,総務費,3,戸籍住民基本台帳費,1,戸籍住民基本台帳費,37543000,-130000,,,37413000,28279854,,,8614000,,519146,R7決算書p27
2025,2,総務費,4,選挙費,1,選挙管理委員会費,259000,-174000,,,85000,84100,,,,,900,R7決算書p28
2025,2,総務費,4,選挙費,3,参議院議員選挙費,3113000,1187000,,,4300000,4298337,,,,,1663,R7決算書p28
2025,2,総務費,4,選挙費,9,衆議院議員選挙費,0,3673000,,,3673000,3626247,,,,,46753,R7決算書p28
2025,2,総務費,5,統計調査費,2,指定統計調査費,1642000,107000,,,1749000,1746205,,,,,2795,R7決算書p29
2025,2,総務費,6,監査委員費,1,監査委員費,661000,-94000,,,567000,565520,,,,,1480,R7決算書p29
2025,2,総務費,7,国土調査費,1,地籍調査費,24001000,1113000,,,25114000,24615384,,,,,498616,R7決算書p29
2025,3,民生費,1,社会福祉費,1,社会福祉総務費,97228000,-2685000,683000,,95226000,91578782,,,2394000,,1253218,R7決算書p30
2025,3,民生費,1,社会福祉費,2,老人福祉費,63190000,-4568000,,,58622000,58538854,,,,,83146,R7決算書p32
2025,3,民生費,1,社会福祉費,3,国民年金事務費,6301000,366000,,,6667000,6630878,,,,,36122,R7決算書p33
2025,3,民生費,1,社会福祉費,4,障害者福祉費,72320000,-5995000,,,66325000,64790407,,,,,1534593,R7決算書p34
2025,3,民生費,1,社会福祉費,7,定住対策費,13132000,-5019000,,,8113000,7932500,,,,,180500,R7決算書p34
2025,3,民生費,1,社会福祉費,10,老人福祉施設管理運営費,64855000,-555000,,,64300000,64276284,,,,,23716,R7決算書p34
2025,3,民生費,1,社会福祉費,13,在宅介護支援センター運営費,1078000,-301000,,,777000,766610,,,,,10390,R7決算書p35
2025,3,民生費,1,社会福祉費,14,授産施設一般管理費,18308000,711000,,,19019000,18723372,,,,,295628,R7決算書p35
2025,3,民生費,1,社会福祉費,15,授産施設業務費,6605000,689000,,,7294000,7288423,,,,,5577,R7決算書p36
2025,3,民生費,2,児童福祉費,1,児童福祉総務費,0,1869000,,,1869000,1868900,,,,,100,R7決算書p36
2025,3,民生費,2,児童福祉費,2,児童措置費,19312000,-1876000,,,17436000,17416000,,,,,20000,R7決算書p37
2025,3,民生費,2,児童福祉費,5,保育所費,43535000,-218000,,,43317000,42164757,,,,,1152243,R7決算書p37
2025,3,民生費,2,児童福祉費,7,児童クラブ運営費,3556000,-3000,,,3553000,3551604,,,,,1396,R7決算書p38
2025,4,衛生費,1,保健衛生費,1,保健衛生総務費,139572000,-5008000,506000,,135070000,134045720,,,,,1024280,R7決算書p38
2025,4,衛生費,1,保健衛生費,2,予防費,14129000,-5441000,,,8688000,7438597,,,,,1249403,R7決算書p39
2025,4,衛生費,1,保健衛生費,3,環境衛生費,10935000,-4453000,,,6482000,6177152,,,,,304848,R7決算書p41
2025,4,衛生費,2,清掃費,1,し尿処理費,13899000,1270000,,,15169000,15168450,,,,,550,R7決算書p41
2025,4,衛生費,2,清掃費,2,塵芥処理費,33678000,-969000,,,32709000,31759656,,,,,949344,R7決算書p42
2025,6,農林水産業費,1,農業費,1,農業委員会費,4881000,-300000,,,4581000,4525612,,,,,55388,R7決算書p42
2025,6,農林水産業費,1,農業費,2,農業総務費,13955000,1154000,,,15109000,14712267,,,,,396733,R7決算書p43
2025,6,農林水産業費,1,農業費,3,農業振興費,39694000,13535000,,,53229000,50075806,,,352000,,2801194,R7決算書p43
2025,6,農林水産業費,1,農業費,4,畜産業費,1589000,-400000,,,1189000,1182975,,,,,6025,R7決算書p45
2025,6,農林水産業費,1,農業費,5,畜産振興費,1667000,-734000,,,933000,924900,,,,,8100,R7決算書p45
2025,6,農林水産業費,1,農業費,6,農地費,34982000,-11510000,,,23472000,22990569,,,,,481431,R7決算書p45
2025,6,農林水産業費,1,農業費,7,農業振興地域整備促進事業費,4238000,-168000,,,4070000,4015000,,,,,55000,R7決算書p45
2025,6,農林水産業費,1,農業費,20,地域おこし協力隊事業,4390000,-4390000,,,0,0,,,,,0,R7決算書p45
2025,6,農林水産業費,1,農業費,21,日本型直接支払事業,2827000,-207000,,,2620000,2476749,,,,,143251,R7決算書p46
2025,6,農林水産業費,1,農業費,22,集落支援事業,5881000,289000,,,6170000,6156981,,,,,13019,R7決算書p46
2025,6,農林水産業費,2,林業費,1,林業総務費,12510000,-115000,,,12395000,12265819,,,,,129181,R7決算書p46
2025,6,農林水産業費,2,林業費,2,林業振興費,17376000,-3778000,,,13598000,13380181,,,,,217819,R7決算書p47
2025,6,農林水産業費,2,林業費,3,林道費,43867000,31909000,29876000,,105652000,66146251,,,36806000,,2699749,R7決算書p48
2025,6,農林水産業費,2,林業費,4,造林費,6300000,-3880000,,,2420000,2417786,,,,,2214,R7決算書p48
2025,6,農林水産業費,2,林業費,6,森林整備センター受託事業費,5830000,-2030000,,,3800000,3795000,,,,,5000,R7決算書p48
2025,6,農林水産業費,2,林業費,10,森林環境譲与税活用費,25613000,4320000,10780000,,40713000,40538300,,,,,174700,R7決算書p48
2025,6,農林水産業費,2,林業費,11,集落支援事業,246000,-246000,,,0,0,,,,,0,R7決算書p49
2025,7,商工費,1,商工費,1,商工総務費,12258000,2403000,,,14661000,14621858,,,,,39142,R7決算書p49
2025,7,商工費,1,商工費,2,商工振興費,24209000,-391000,,,23818000,23750417,,,,,67583,R7決算書p49
2025,7,商工費,1,商工費,3,観光費,83683000,-5127000,18462000,,97018000,83299281,,,12269000,,1449719,R7決算書p50
2025,7,商工費,1,商工費,4,地域おこし協力隊事業,2359000,-367000,,,1992000,1652447,,,,,339553,R7決算書p52
2025,7,商工費,1,商工費,5,集落支援事業,7121000,-79000,,,7042000,5738746,,,,,1303254,R7決算書p52
2025,8,土木費,1,土木管理費,1,土木総務費,1053000,1114000,,,2167000,2142246,,,,,24754,R7決算書p52
2025,8,土木費,2,道路橋梁費,1,道路維持費,22754000,3047000,,,25801000,24176207,,,,,1624793,R7決算書p53
2025,8,土木費,2,道路橋梁費,2,道路新設改良費,75790000,-8812000,7541000,,74519000,72116635,,,,,2402365,R7決算書p53
2025,8,土木費,2,道路橋梁費,3,道路台帳整備費,2663000,500000,,,3163000,3157000,,,,,6000,R7決算書p54
2025,8,土木費,2,道路橋梁費,4,橋梁維持費,375380000,-191784000,69931000,,253527000,219175330,,,25609000,,8742670,R7決算書p54
2025,8,土木費,3,河川費,1,河川維持費,10581000,3552000,,,14133000,13608100,,,,,524900,R7決算書p54
2025,8,土木費,4,住宅費,1,住宅管理費,24750000,-11649000,,,13101000,13084236,,,,,16764,R7決算書p55
2025,9,消防費,1,消防費,1,常備消防費,37951000,0,,,37951000,37951000,,,,,0,R7決算書p55
2025,9,消防費,1,消防費,2,非常備消防費,39125000,-9144000,,,29981000,29721152,,,,,259848,R7決算書p55
2025,9,消防費,1,消防費,3,消防施設費,21928000,-2728000,,,19200000,19106342,,,,,93658,R7決算書p57
2025,9,消防費,1,消防費,4,水防費,50000,-5000,,,45000,44770,,,,,230,R7決算書p57
2025,9,消防費,1,消防費,6,災害防止費,1839000,-1052000,,,787000,785633,,,,,1367,R7決算書p57
2025,9,消防費,1,消防費,7,山岳遭難救助費,2007000,-1743000,,,264000,262436,,,,,1564,R7決算書p58
2025,10,教育費,1,教育総務費,1,教育委員会費,1511000,-305000,,,1206000,1131458,,,,,74542,R7決算書p58
2025,10,教育費,1,教育総務費,2,事務局費,38009000,-2654000,,,35355000,29261407,,,5445000,,648593,R7決算書p58
2025,10,教育費,1,教育総務費,4,文化財保存費,6841000,1472000,,,8313000,7906962,,,,,406038,R7決算書p59
2025,10,教育費,1,教育総務費,6,文化施設費,21419000,-25000,,,21394000,20647046,,,,,746954,R7決算書p60
2025,10,教育費,2,小学校費,1,学校管理費,42613000,2603000,,,45216000,43533199,,,,,1682801,R7決算書p61
2025,10,教育費,2,小学校費,2,教育振興費,9847000,-1557000,,,8290000,7662485,,,,,627515,R7決算書p63
2025,10,教育費,3,中学校費,1,学校管理費,32430000,-315000,,,32115000,31078197,,,,,1036803,R7決算書p63
2025,10,教育費,3,中学校費,2,教育振興費,7748000,-1658000,,,6090000,5493419,,,,,596581,R7決算書p65
2025,10,教育費,4,社会教育費,1,社会教育総務費,11991000,-554000,,,11437000,11294634,,,,,142366,R7決算書p65
2025,10,教育費,4,社会教育費,2,公民館費,19506000,4397000,6875000,,30778000,27991191,,,,,2786809,R7決算書p65
2025,10,教育費,5,保健体育費,1,保健体育総務費,1642000,-1280000,,,362000,338507,,,,,23493,R7決算書p67
2025,10,教育費,5,保健体育費,2,学校給食運営費,14145000,278000,,,14423000,13742701,,,,,680299,R7決算書p67
2025,10,教育費,5,保健体育費,4,体育施設管理費,2340000,175000,,,2515000,2329110,,,,,185890,R7決算書p68
2025,11,災害復旧費,1,農林水産業施設災害復旧費,2,林道施設災害復旧費,0,7791000,42358000,,50149000,50025000,,,,,124000,R7決算書p68
2025,12,公債費,1,公債費,1,元金,250416000,2123000,,,252539000,234486310,,,,,18052690,R7決算書p68
2025,12,公債費,1,公債費,2,利子,8093000,1755000,,,9848000,9830908,,,,,17092,R7決算書p68
2025,13,諸支出金,1,基金費,1,財政調整基金費,94000,100000,,,194000,193527,,,,,473,R7決算書p69
2025,13,諸支出金,1,基金費,2,減債基金費,125000,132000,,,257000,256934,,,,,66,R7決算書p69
2025,13,諸支出金,1,基金費,3,公共施設等整備基金費,177000,590000,,,767000,765947,,,,,1053,R7決算書p69
2025,13,諸支出金,1,基金費,4,文教施設整備基金費,18000,23000,,,41000,40150,,,,,850,R7決算書p69
2025,13,諸支出金,1,基金費,5,ふるさとづくり基金費,2596000,597000,,,3193000,2800496,,,,,392504,R7決算書p69
2025,13,諸支出金,1,基金費,6,高齢者福祉基金費,4000,40015000,,,40019000,40018140,,,,,860,R7決算書p69
2025,13,諸支出金,1,基金費,14,森林環境譲与税基金,2000,183000,,,185000,6411,,,,,178589,R7決算書p69
2025,13,諸支出金,1,基金費,15,大鹿村さくら基金,0,1339000,,,1339000,1338006,,,,,994,R7決算書p69
2025,14,予備費,1,予備費,1,予備費,10000000,0,,,10000000,0,,,,,10000000,R7決算書p69
